epoch, accuracy, loss,
1,0.25,1.3863740980742,
2,0.595,1.3845890731385,
3,0.595,1.3812153816841,
4,0.595,1.3764404956856,
5,0.595,1.3704479246159,
6,0.595,1.3634115738812,
7,0.595,1.3554941588205,
8,0.595,1.3468457886293,
9,0.595,1.337607373789,
10,0.595,1.3279073729314,
11,0.595,1.3178597786386,
12,0.595,1.3075696608329,
13,0.595,1.2971336030555,
14,0.595,1.286636160627,
15,0.595,1.2761521889339,
16,0.595,1.2657478001512,
17,0.595,1.25547980055,
18,0.595,1.2453976859725,
19,0.595,1.2355430550493,
20,0.595,1.2259502816805,
21,0.595,1.2166474308842,
22,0.595,1.2076566005744,
23,0.595,1.1989952523454,
24,0.595,1.1906753697417,
25,0.595,1.1827047346682,
26,0.595,1.1750875627036,
27,0.595,1.1678245820323,
28,0.595,1.1609139340938,
29,0.595,1.1543508837241,
30,0.595,1.1481286470209,
31,0.595,1.1422383337706,
32,0.595,1.1366699607281,
33,0.595,1.131411944135,
34,0.595,1.126451733912,
35,0.595,1.1217764079732,
36,0.595,1.1173720920765,
37,0.595,1.1132247462177,
38,0.595,1.109320548862,
39,0.595,1.1056451624996,
40,0.595,1.1021844142069,
41,0.595,1.0989243361353,
42,0.595,1.0958513467483,
43,0.595,1.0929525347955,
44,0.595,1.0902149177835,
45,0.595,1.0876259750075,
46,0.595,1.0851734094551,
47,0.595,1.0828454624075,
48,0.595,1.0806308410686,
49,0.595,1.0785188064554,
50,0.595,1.076498686386,
51,0.595,1.074560421591,
52,0.595,1.0726946860481,
53,0.595,1.070891544359,
54,0.595,1.0691423563642,
55,0.595,1.067438591656,
56,0.595,1.0657725152996,
57,0.595,1.0641366123107,
58,0.595,1.0625235318291,
59,0.595,1.0609258219148,
60,0.595,1.0593364117995,
61,0.595,1.0577480458243,
62,0.595,1.0561535850921,
63,0.595,1.054546638537,
64,0.595,1.0529206510805,
65,0.595,1.0512691502102,
66,0.595,1.0495863345963,
67,0.595,1.0478668195399,
68,0.595,1.0461054354537,
69,0.595,1.0442974611249,
70,0.595,1.0424387067329,
71,0.595,1.0405244450245,
72,0.595,1.0385511598248,
73,0.595,1.0365155785019,
74,0.595,1.0344154665284,
75,0.595,1.0322495960123,
76,0.595,1.0300170306588,
77,0.595,1.0277180871094,
78,0.595,1.0253534345936,
79,0.595,1.0229253412583,
80,0.595,1.0204373917273,
81,0.595,1.0178932508615,
82,0.595,1.0152985109998,
83,0.595,1.0126605772982,
84,0.595,1.0099874367426,
85,0.595,1.0072865195971,
86,0.595,1.0045667006984,
87,0.595,1.0018364224336,
88,0.595,0.99910371468047,
89,0.595,0.99637637790509,
90,0.595,0.99366084448938,
91,0.595,0.99096139903508,
92,0.595,0.98828122250983,
93,0.595,0.98562187555779,
94,0.595,0.9829821288699,
95,0.595,0.98036100405949,
96,0.595,0.97775239629591,
97,0.595,0.97515251440651,
98,0.595,0.97255644113597,
99,0.595,0.96995808627983,
100,0.595,0.96735209667413,
101,0.595,0.9649394812142,
102,0.595,0.96248075898987,
103,0.595,0.95998620906114,
104,0.595,0.95746283287998,
105,0.595,0.95491564836374,
106,0.595,0.95235224333503,
107,0.595,0.94977694245749,
108,0.595,0.94719054212794,
109,0.595,0.94459807954565,
110,0.595,0.94200545536223,
111,0.595,0.93941358283609,
112,0.595,0.93682095701477,
113,0.595,0.93422911636104,
114,0.595,0.93163940635441,
115,0.595,0.92905344222607,
116,0.595,0.92647257774842,
117,0.595,0.92389706939161,
118,0.595,0.92132862754915,
119,0.595,0.91876900142674,
120,0.595,0.91622020595715,
121,0.595,0.91368440822099,
122,0.595,0.91115957367411,
123,0.595,0.90864580338133,
124,0.595,0.9061441495788,
125,0.595,0.90365419668698,
126,0.595,0.90117645326715,
127,0.595,0.89871424829088,
128,0.595,0.8962652859488,
129,0.595,0.89382893424326,
130,0.595,0.8914038699844,
131,0.595,0.88899096470383,
132,0.595,0.88659083332029,
133,0.595,0.88420537548249,
134,0.595,0.88183020043943,
135,0.595,0.87946660929989,
136,0.595,0.87711303920582,
137,0.595,0.87476879175462,
138,0.595,0.87243475544027,
139,0.595,0.87011115689612,
140,0.595,0.8677963374642,
141,0.595,0.86549026490153,
142,0.595,0.86319448568033,
143,0.595,0.8609072213402,
144,0.595,0.85863040720725,
145,0.595,0.85636235361284,
146,0.595,0.8541023108332,
147,0.595,0.85185017589497,
148,0.595,0.84960673740486,
149,0.595,0.84737044562865,
150,0.595,0.84514216827119,
151,0.595,0.84292304071039,
152,0.595,0.84071326066006,
153,0.595,0.8385114529762,
154,0.595,0.83631682785277,
155,0.595,0.83412951632145,
156,0.595,0.83572486414172,
157,0.595,0.83354579192421,
158,0.595,0.83137301520859,
159,0.595,0.82920749308299,
160,0.595,0.82704605091027,
161,0.595,0.82488945262052,
162,0.595,0.8227400866896,
163,0.595,0.82426281978976,
164,0.595,0.82212013731337,
165,0.595,0.82365645411131,
166,0.595,0.82527046445799,
167,0.595,0.82313165629805,
168,0.595,0.82099551627954,
169,0.595,0.8188668679338,
170,0.595,0.82042870430637,
171,0.595,0.81830909626652,
172,0.595,0.81619617968433,
173,0.595,0.81776850649377,
174,0.595,0.81566108361854,
175,0.595,0.81355937553385,
176,0.595,0.81146622186501,
177,0.595,0.80937895402468,
178,0.595,0.80729821681058,
179,0.595,0.80522485740012,
180,0.595,0.80315727995047,
181,0.595,0.80109284764814,
182,0.595,0.80270254831124,
183,0.595,0.8006546749503,
184,0.595,0.80229242051503,
185,0.595,0.80025475705227,
186,0.595,0.79822465469351,
187,0.595,0.79620245066443,
188,0.595,0.79419598975441,
189,0.595,0.79219308200855,
190,0.595,0.79020222721676,
191,0.595,0.78822187789162,
192,0.595,0.78624928342564,
193,0.595,0.78427881939849,
194,0.595,0.78591176537867,
195,0.595,0.783949014681,
196,0.595,0.79291317823416,
197,0.595,0.7909433052579,
198,0.595,0.78898042102682,
199,0.595,0.78702452663768,
200,0.595,0.78874242793904,
201,0.595,0.78329589039966,
202,0.595,0.77109943295775,
203,0.595,0.76976316740347,
204,0.595,0.76841737278555,
205,0.595,0.76700683466318,
206,0.595,0.76546838511228,
207,0.595,0.76379089523522,
208,0.595,0.76199138713181,
209,0.595,0.76011094418692,
210,0.595,0.75819463384318,
211,0.595,0.7597329957593,
212,0.595,0.76847628712737,
213,0.595,0.77025110290063,
214,0.595,0.76860774142781,
215,0.595,0.7742525648758,
216,0.595,0.77273228344047,
217,0.595,0.77491305031453,
218,0.595,0.78078932756721,
219,0.595,0.77920144488787,
220,0.595,0.77753500651588,
221,0.595,0.77578741364711,
222,0.595,0.7777086129387,
223,0.595,0.77582057829012,
224,0.595,0.77389162218391,
225,0.595,0.77194188658243,
226,0.595,0.76999347035357,
227,0.595,0.76806078272462,
228,0.595,0.766155547217,
229,0.595,0.76428090602028,
230,0.595,0.76243738839988,
231,0.595,0.76062360094979,
232,0.595,0.75883958940427,
233,0.595,0.75707616050572,
234,0.595,0.7553320258534,
235,0.595,0.75360531600175,
236,0.595,0.7555075787415,
237,0.595,0.75380811996638,
238,0.595,0.75566066449962,
239,0.595,0.75399220533583,
240,0.595,0.75599107641362,
241,0.595,0.75433931098939,
242,0.595,0.75632034302119,
243,0.595,0.75468041366231,
244,0.595,0.75304281072908,
245,0.595,0.75140237051991,
246,0.595,0.75345038816667,
247,0.595,0.75928908919732,
248,0.595,0.75760808362142,
249,0.595,0.75966575271114,
250,0.595,0.75795784761179,
251,0.595,0.76390422441643,
252,0.595,0.76217256652837,
253,0.595,0.76044184209268,
254,0.595,0.7587144578955,
255,0.595,0.75699142198825,
256,0.595,0.75528049897137,
257,0.6,0.76119354089791,
258,0.6,0.75949166523871,
259,0.6,0.75780441424706,
260,0.6,0.75999801800319,
261,0.6,0.75833372955984,
262,0.6,0.75668247719122,
263,0.6,0.75504355715364,
264,0.6,0.75341523495957,
265,0.6,0.75179553151878,
266,0.6,0.75018403814137,
267,0.6,0.75240464984112,
268,0.6,0.75079910897403,
269,0.6,0.74919611369179,
270,0.6,0.75143770684116,
271,0.605,0.75767660994735,
272,0.61,0.7560596439329,
273,0.61,0.75833131828245,
274,0.61,0.75670575177516,
275,0.61,0.75897397232291,
276,0.61,0.76141191096093,
277,0.615,0.75976372030025,
278,0.615,0.76205922090496,
279,0.615,0.76040075355513,
280,0.62,0.75874380681047,
281,0.62,0.7570899671664,
282,0.62,0.75544004041221,
283,0.625,0.75790848452083,
284,0.625,0.7562596460865,
285,0.625,0.75461688417256,
286,0.635,0.75298059628211,
287,0.635,0.75135022913715,
288,0.635,0.74972547739981,
289,0.635,0.74810983461171,
290,0.64,0.75047605576731,
291,0.64,0.74887094536315,
292,0.65,0.74727293470957,
293,0.655,0.7497867677965,
294,0.655,0.74819382528442,
295,0.655,0.75070640297681,
296,0.655,0.74912327563818,
297,0.655,0.74754350606248,
298,0.655,0.7459689177058,
299,0.66,0.75254846527728,
300,0.665,0.75098712385547,
301,0.685,0.72815067854075,
302,0.685,0.70107486816747,
303,0.685,0.69394229732268,
304,0.705,0.68349759777166,
305,0.705,0.6763324200875,
306,0.71,0.67531131065057,
307,0.71,0.6737645306584,
308,0.71,0.69207186577085,
309,0.705,0.70411737072852,
310,0.7,0.70608814604087,
311,0.695,0.72018486181892,
312,0.695,0.72756818658421,
313,0.69,0.74811356443344,
314,0.685,0.77009233112747,
315,0.68,0.77941010590236,
316,0.68,0.78397960134626,
317,0.675,0.78826561134104,
318,0.675,0.78715779400329,
319,0.675,0.78085879840494,
320,0.68,0.77877358593541,
321,0.685,0.76730278742424,
322,0.69,0.76477377476662,
323,0.69,0.75773049928317,
324,0.715,0.75521894462657,
325,0.715,0.75283041629378,
326,0.72,0.74617384956089,
327,0.72,0.73992982331666,
328,0.72,0.73809180613417,
329,0.72,0.73638991424031,
330,0.72,0.73480605383197,
331,0.72,0.73332931754811,
332,0.72,0.7403449222067,
333,0.72,0.73906805600784,
334,0.72,0.74220769970056,
335,0.72,0.74969630999946,
336,0.72,0.74868420733265,
337,0.72,0.7520315843904,
338,0.72,0.75106478255858,
339,0.72,0.75445447063731,
340,0.72,0.75808148765017,
341,0.72,0.75692716867252,
342,0.72,0.755664128651,
343,0.72,0.75429015506768,
344,0.72,0.75281394437175,
345,0.72,0.75125435770001,
346,0.725,0.74963499341202,
347,0.73,0.74798626034521,
348,0.735,0.74633389360869,
349,0.735,0.74469541100294,
350,0.735,0.74308441691441,
351,0.745,0.74151466913876,
352,0.745,0.73999883892091,
353,0.75,0.73854225329422,
354,0.755,0.73713914697271,
355,0.755,0.73578259674312,
356,0.755,0.73446941051879,
357,0.76,0.733193785174,
358,0.76,0.73195527044723,
359,0.765,0.73074712436782,
360,0.765,0.72955529115624,
361,0.765,0.73280105917932,
362,0.765,0.73161584575643,
363,0.765,0.73042018429051,
364,0.765,0.72920651219296,
365,0.77,0.72797049627975,
366,0.775,0.72671547695249,
367,0.78,0.72543556934772,
368,0.78,0.72413378351481,
369,0.78,0.72281620834669,
370,0.78,0.72148479812223,
371,0.78,0.72015353869527,
372,0.785,0.72756210416129,
373,0.785,0.72623187341065,
374,0.785,0.72492570870331,
375,0.785,0.72799590662425,
376,0.785,0.72672870971155,
377,0.785,0.725488977626,
378,0.785,0.72427217891853,
379,0.785,0.72307310639241,
380,0.785,0.72189348719208,
381,0.785,0.72072994878685,
382,0.785,0.71957188020537,
383,0.785,0.71841996237868,
384,0.785,0.7172686332896,
385,0.785,0.72055670403513,
386,0.785,0.71940810298452,
387,0.785,0.71826112227826,
388,0.785,0.71711453286026,
389,0.785,0.72021003959835,
390,0.785,0.71904842717449,
391,0.785,0.71788397811881,
392,0.785,0.71671394013141,
393,0.785,0.71554968686302,
394,0.785,0.714394159766,
395,0.785,0.7174802329298,
396,0.79,0.72099887095327,
397,0.79,0.71985159202546,
398,0.79,0.71871558312379,
399,0.79,0.71759199539779,
400,0.795,0.71647908650913,
401,0.815,0.69615467721165,
402,0.83,0.6869462424251,
403,0.835,0.68297773505664,
404,0.835,0.67563610558306,
405,0.835,0.67171915514033,
406,0.835,0.67478543905331,
407,0.835,0.67756487506575,
408,0.825,0.68006605937032,
409,0.825,0.68704778077194,
410,0.81,0.69488155921271,
411,0.81,0.72724863926633,
412,0.81,0.73320334150541,
413,0.8,0.7397014086273,
414,0.8,0.74101054598903,
415,0.8,0.74687944472505,
416,0.8,0.75704313785734,
417,0.8,0.75600275824403,
418,0.795,0.75408714820117,
419,0.805,0.75150185368087,
420,0.805,0.73850720861122,
421,0.81,0.73548096442693,
422,0.815,0.72753097212092,
423,0.815,0.71583366914059,
424,0.82,0.70495700070784,
425,0.825,0.7030623582223,
426,0.825,0.70144238631043,
427,0.83,0.70005048539199,
428,0.83,0.68983692422988,
429,0.835,0.69747312659269,
430,0.835,0.69668010614422,
431,0.835,0.70450644490691,
432,0.83,0.70878999982159,
433,0.83,0.71747953003019,
434,0.83,0.72218670771403,
435,0.83,0.72193855969162,
436,0.825,0.72610567499471,
437,0.82,0.72565323548033,
438,0.82,0.72501141230301,
439,0.82,0.72416466581756,
440,0.825,0.72311536188465,
441,0.825,0.72188949875196,
442,0.825,0.72052621072421,
443,0.825,0.71907356090599,
444,0.83,0.71758535961634,
445,0.835,0.71611428117854,
446,0.835,0.71970512738458,
447,0.835,0.71835144810098,
448,0.845,0.71708737744237,
449,0.845,0.71592621294256,
450,0.845,0.71486633386427,
451,0.85,0.71390133116183,
452,0.845,0.71301971016324,
453,0.845,0.71220905832273,
454,0.845,0.71145654451468,
455,0.845,0.71074207240695,
456,0.845,0.71452278949749,
457,0.845,0.71381807117163,
458,0.845,0.71308609071378,
459,0.845,0.72167799407316,
460,0.845,0.72083458417795,
461,0.845,0.71993307088768,
462,0.845,0.72407701345971,
463,0.845,0.72306040166632,
464,0.845,0.72200607933142,
465,0.845,0.72092929206614,
466,0.85,0.71984415925987,
467,0.855,0.71876535420875,
468,0.855,0.71770955843392,
469,0.855,0.71668396494209,
470,0.855,0.71570185173423,
471,0.855,0.71476839550215,
472,0.855,0.71387766077541,
473,0.855,0.71302513725965,
474,0.855,0.71692148877491,
475,0.855,0.71611848586107,
476,0.855,0.71533289478662,
477,0.855,0.71455241979932,
478,0.855,0.71376542457467,
479,0.855,0.71296309662527,
480,0.855,0.71213339471984,
481,0.86,0.71127609641187,
482,0.86,0.71039366077681,
483,0.86,0.70950079868636,
484,0.86,0.70859225188394,
485,0.86,0.70767368346163,
486,0.86,0.70674490771306,
487,0.86,0.70581174607682,
488,0.86,0.70488353035107,
489,0.86,0.70890001558904,
490,0.86,0.71260020190501,
491,0.86,0.71169593783139,
492,0.86,0.7108130129979,
493,0.86,0.70994851702554,
494,0.86,0.70910336836934,
495,0.86,0.70827825141716,
496,0.86,0.70746112797064,
497,0.86,0.70664842271228,
498,0.86,0.70583509274001,
499,0.86,0.70501987094107,
500,0.86,0.70420526212529,
501,0.875,0.68445577309207,
502,0.89,0.66604902807751,
503,0.915,0.65269053963581,
504,0.92,0.64345749843115,
505,0.92,0.64403958529056,
506,0.92,0.64917122773816,
507,0.91,0.66313186089484,
508,0.895,0.67027961575681,
509,0.875,0.67424133714673,
510,0.87,0.68489293926842,
511,0.865,0.70685329073477,
512,0.845,0.72214732340068,
513,0.845,0.75413463658568,
514,0.825,0.75858215755355,
515,0.82,0.76683036344156,
516,0.825,0.77879205771254,
517,0.825,0.78222236540309,
518,0.835,0.77210618538518,
519,0.85,0.75998571660203,
520,0.86,0.74296817538678,
521,0.86,0.72078861693307,
522,0.865,0.70621512730899,
523,0.865,0.69347279263233,
524,0.865,0.68180259863883,
525,0.87,0.68014939229555,
526,0.87,0.67902173797778,
527,0.87,0.67829622786782,
528,0.87,0.68210367378332,
529,0.87,0.68643258268124,
530,0.87,0.69581760842991,
531,0.87,0.69658838455428,
532,0.87,0.70167343509364,
533,0.865,0.70269818085258,
534,0.865,0.70354763276848,
535,0.86,0.70799179237321,
536,0.86,0.71343244966464,
537,0.86,0.71837148170021,
538,0.86,0.717310018277,
539,0.86,0.71574570903104,
540,0.86,0.70989276808057,
541,0.86,0.70786233692421,
542,0.865,0.70577799140645,
543,0.865,0.70376302418423,
544,0.865,0.70190870995154,
545,0.865,0.700272699694,
546,0.87,0.69888445883112,
547,0.87,0.69775666065603,
548,0.87,0.69688201423804,
549,0.87,0.69624302272181,
550,0.87,0.69580561210633,
551,0.87,0.69553392528971,
552,0.87,0.69537284487761,
553,0.87,0.70511952676531,
554,0.87,0.71019506851589,
555,0.87,0.70998824867725,
556,0.87,0.70964644373042,
557,0.87,0.7183063821832,
558,0.87,0.71763021339887,
559,0.87,0.71678392097368,
560,0.87,0.7157895584179,
561,0.87,0.7146808281697,
562,0.87,0.71350394810299,
563,0.87,0.7123002280564,
564,0.87,0.70745035901807,
565,0.87,0.70636950379851,
566,0.87,0.70536730528182,
567,0.87,0.70445394683601,
568,0.87,0.70363230438128,
569,0.875,0.70645560371815,
570,0.875,0.70582143610134,
571,0.875,0.70526073093605,
572,0.875,0.70474674414852,
573,0.875,0.70425377829353,
574,0.875,0.71388624356241,
575,0.875,0.71333895066221,
576,0.875,0.71273411428752,
577,0.875,0.71206425672354,
578,0.875,0.71132625185923,
579,0.875,0.71052576828717,
580,0.875,0.70967453355995,
581,0.875,0.70878841963078,
582,0.875,0.70789309075301,
583,0.875,0.70700767575682,
584,0.875,0.70615067871623,
585,0.875,0.70533738899249,
586,0.875,0.70457585212007,
587,0.875,0.7091097400748,
588,0.875,0.70841703247536,
589,0.875,0.70774802444679,
590,0.875,0.71264418954675,
591,0.88,0.71194791534069,
592,0.88,0.71123511165416,
593,0.88,0.71050477140683,
594,0.88,0.71461476573075,
595,0.88,0.71382899721814,
596,0.88,0.71303121917458,
597,0.88,0.71751117903377,
598,0.88,0.71669656431271,
599,0.88,0.71589653196776,
600,0.88,0.71512889919337,
601,0.91,0.66277222699683,
602,0.935,0.64228434102115,
603,0.935,0.63392958532011,
604,0.945,0.62988734467348,
605,0.945,0.63025302994809,
606,0.945,0.63518783281963,
607,0.935,0.63696267574895,
608,0.93,0.65439957181461,
609,0.915,0.66149848869299,
610,0.885,0.68903711152516,
611,0.87,0.72554029629734,
612,0.865,0.74154727499162,
613,0.86,0.75464196294346,
614,0.85,0.76534166107565,
615,0.85,0.76017571525687,
616,0.855,0.75656180062405,
617,0.86,0.74992829917208,
618,0.865,0.74156624740921,
619,0.875,0.73269391546525,
620,0.88,0.71369578839745,
621,0.895,0.70365584116549,
622,0.9,0.6933414662317,
623,0.9,0.6851728682376,
624,0.91,0.67427840531102,
625,0.91,0.66817794853953,
626,0.91,0.67150760086091,
627,0.91,0.67457386223682,
628,0.9,0.67575137817598,
629,0.9,0.68713686486429,
630,0.885,0.69952427896635,
631,0.885,0.70206006653217,
632,0.88,0.70941893881382,
633,0.88,0.7166622192137,
634,0.88,0.71717206001884,
635,0.88,0.71661960725457,
636,0.88,0.71508580489603,
637,0.88,0.71275666155411,
638,0.88,0.70991636329441,
639,0.885,0.70687532026766,
640,0.885,0.70387897443802,
641,0.885,0.70118822200818,
642,0.89,0.69893499022615,
643,0.89,0.69716011634706,
644,0.89,0.69590115232046,
645,0.89,0.69513178717676,
646,0.9,0.69482090693559,
647,0.895,0.69489039424926,
648,0.895,0.6952555815933,
649,0.895,0.69579046934592,
650,0.89,0.69633925725709,
651,0.89,0.69675448884078,
652,0.885,0.69693196913465,
653,0.88,0.69675781573932,
654,0.88,0.69991818507662,
655,0.885,0.69528802731464,
656,0.89,0.69406454981772,
657,0.89,0.6926242264322,
658,0.895,0.69109318078706,
659,0.895,0.68959517175269,
660,0.9,0.68822475056099,
661,0.9,0.68704169539742,
662,0.905,0.68607918446037,
663,0.91,0.68534276644771,
664,0.91,0.68482373475037,
665,0.905,0.68449890901922,
666,0.905,0.6843113525961,
667,0.905,0.68422409747542,
668,0.905,0.68752252487207,
669,0.905,0.68740309897449,
670,0.905,0.6921720268931,
671,0.905,0.69172881444348,
672,0.905,0.69110778696883,
673,0.905,0.69504141712669,
674,0.905,0.69408262059338,
675,0.905,0.6930516150747,
676,0.905,0.6920024109611,
677,0.905,0.6910038759949,
678,0.905,0.69010211987143,
679,0.905,0.68930994674097,
680,0.91,0.68863836293877,
681,0.905,0.69249321531401,
682,0.905,0.69200498387785,
683,0.905,0.69154797837975,
684,0.905,0.69108450663496,
685,0.905,0.69058042728788,
686,0.905,0.68999450513804,
687,0.905,0.68932416852354,
688,0.905,0.68855729972102,
689,0.905,0.68774165908774,
690,0.905,0.68690625413928,
691,0.905,0.68611072546242,
692,0.91,0.68536906333626,
693,0.91,0.68468705064156,
694,0.91,0.68405900835702,
695,0.91,0.68347485957941,
696,0.91,0.6829190394726,
697,0.91,0.6876609958348,
698,0.91,0.68705469156819,
699,0.91,0.68641128273275,
700,0.91,0.68572128388883,
701,0.93,0.64910164467264,
702,0.95,0.62471516528784,
703,0.945,0.61372009436917,
704,0.94,0.61927905147516,
705,0.94,0.61704865111848,
706,0.95,0.62014344199342,
707,0.945,0.62353407056585,
708,0.93,0.64543785945631,
709,0.925,0.67038416377668,
710,0.895,0.69250374444962,
711,0.895,0.71292623556254,
712,0.875,0.73796082131681,
713,0.865,0.74729269819557,
714,0.865,0.75574342243639,
715,0.865,0.75196083609231,
716,0.865,0.74400658121649,
717,0.875,0.72502686585283,
718,0.885,0.70677148557419,
719,0.895,0.6876082787281,
720,0.895,0.67819309584118,
721,0.925,0.67085479684666,
722,0.93,0.66559785433677,
723,0.93,0.66218663347754,
724,0.93,0.66051597082498,
725,0.93,0.6580665510516,
726,0.92,0.65994970048364,
727,0.91,0.66309669308853,
728,0.905,0.66702524436744,
729,0.905,0.67117602707214,
730,0.9,0.68311973438935,
731,0.9,0.68966183656905,
732,0.895,0.69096971888841,
733,0.895,0.69042940063266,
734,0.895,0.68821181493404,
735,0.9,0.68193402238435,
736,0.9,0.67806063808675,
737,0.91,0.67404572585953,
738,0.915,0.67029753893077,
739,0.915,0.66708688670945,
740,0.915,0.66455637536289,
741,0.915,0.66280357645546,
742,0.92,0.66184270833035,
743,0.915,0.66162615035781,
744,0.915,0.66206501801906,
745,0.915,0.66298212502238,
746,0.91,0.66418261031411,
747,0.91,0.66540650715482,
748,0.905,0.66640418290776,
749,0.905,0.66938108485626,
750,0.905,0.66944921575206,
751,0.905,0.66882142690586,
752,0.905,0.66753868865554,
753,0.905,0.66576379857197,
754,0.905,0.66148901904007,
755,0.91,0.65948921116865,
756,0.915,0.65762045267436,
757,0.915,0.65601034129986,
758,0.915,0.65474488950058,
759,0.915,0.65386176671565,
760,0.915,0.65335246140451,
761,0.915,0.65318475233251,
762,0.915,0.65328125254476,
763,0.915,0.65355201179719,
764,0.915,0.65389217229806,
765,0.915,0.65688386897471,
766,0.915,0.65900557511735,
767,0.915,0.65893221230848,
768,0.915,0.65849639643652,
769,0.915,0.65772295421929,
770,0.915,0.65668366204563,
771,0.915,0.65546049013931,
772,0.915,0.65415397468392,
773,0.915,0.65288328247138,
774,0.915,0.65175328082298,
775,0.92,0.65080079485077,
776,0.92,0.65004810727641,
777,0.915,0.64949539204844,
778,0.915,0.64910479783204,
779,0.915,0.64882942936196,
780,0.915,0.6485893725559,
781,0.915,0.64832867179818,
782,0.915,0.64802614496024,
783,0.915,0.64757184392555,
784,0.915,0.64694646901305,
785,0.915,0.64616654324449,
786,0.915,0.64527554152965,
787,0.915,0.64432051837952,
788,0.915,0.64340047988702,
789,0.92,0.6425564456727,
790,0.92,0.64181436738877,
791,0.92,0.64116795552237,
792,0.92,0.64061391083125,
793,0.92,0.64193815046495,
794,0.92,0.64627957477018,
795,0.92,0.64576237045884,
796,0.92,0.64519612578007,
797,0.92,0.64456857024563,
798,0.92,0.643868569282,
799,0.92,0.64307912543651,
800,0.92,0.64227339139928,
801,0.955,0.60935114642304,
802,0.94,0.60149101877705,
803,0.925,0.59745195641815,
804,0.93,0.60160532495695,
805,0.93,0.60245769723223,
806,0.935,0.60376426119373,
807,0.95,0.61147747440515,
808,0.935,0.62364093459153,
809,0.925,0.64773622797895,
810,0.89,0.6855763665415,
811,0.885,0.70690036164057,
812,0.885,0.72759501484531,
813,0.875,0.7350927965189,
814,0.875,0.73180627364647,
815,0.88,0.72020891824437,
816,0.885,0.70335501185055,
817,0.895,0.68264164411346,
818,0.91,0.66561029044405,
819,0.915,0.64893787327791,
820,0.925,0.63830667520874,
821,0.925,0.62492971722656,
822,0.93,0.61788206983044,
823,0.94,0.61331688466362,
824,0.93,0.61450020956416,
825,0.925,0.620004914343,
826,0.925,0.62595375363411,
827,0.92,0.63254854944731,
828,0.91,0.64034012916514,
829,0.91,0.64484887721617,
830,0.905,0.64866876011754,
831,0.905,0.65234439939977,
832,0.91,0.65103135475341,
833,0.915,0.64602754365928,
834,0.92,0.64008393780836,
835,0.92,0.6341857037677,
836,0.925,0.63201419139222,
837,0.92,0.62796076501636,
838,0.925,0.62529233146298,
839,0.93,0.62398939186307,
840,0.925,0.62395338023559,
841,0.925,0.62494835700485,
842,0.925,0.6267644512518,
843,0.92,0.62906741762612,
844,0.915,0.63135395868213,
845,0.915,0.6331729470781,
846,0.91,0.63415821649718,
847,0.91,0.63515764332693,
848,0.91,0.6339485431757,
849,0.915,0.62806258636221,
850,0.92,0.62535383060395,
851,0.92,0.6223181724712,
852,0.92,0.61938218109408,
853,0.92,0.61687899745601,
854,0.92,0.61497470962211,
855,0.92,0.61617988534356,
856,0.92,0.61576826977473,
857,0.92,0.61604008733437,
858,0.92,0.61686076095918,
859,0.92,0.61801632700974,
860,0.92,0.6192465991634,
861,0.92,0.62029322857043,
862,0.92,0.62090853071431,
863,0.92,0.62097033291105,
864,0.92,0.62044280530679,
865,0.92,0.61937266724595,
866,0.92,0.61786678755905,
867,0.92,0.61606935281844,
868,0.92,0.61419533669568,
869,0.92,0.61241647907513,
870,0.92,0.61090413535842,
871,0.92,0.60974945030369,
872,0.92,0.6089697101369,
873,0.92,0.60855524840898,
874,0.92,0.60845224195129,
875,0.92,0.60853470475937,
876,0.92,0.60869325362499,
877,0.92,0.60880836423047,
878,0.92,0.60875954501411,
879,0.92,0.60854528132543,
880,0.92,0.60804582554652,
881,0.92,0.60727600275331,
882,0.92,0.60629975388807,
883,0.92,0.60520315643788,
884,0.92,0.6040996220248,
885,0.92,0.60308355067546,
886,0.92,0.60220203762545,
887,0.92,0.6014765422334,
888,0.92,0.60094205590941,
889,0.92,0.60056528033291,
890,0.92,0.60030359325429,
891,0.92,0.6000243465641,
892,0.92,0.59967401464141,
893,0.92,0.59918591503727,
894,0.92,0.59856124170307,
895,0.92,0.5978200055854,
896,0.92,0.59702153384003,
897,0.925,0.59619033987271,
898,0.925,0.59535211276915,
899,0.925,0.59459206651302,
900,0.925,0.59393052799154,
901,0.955,0.56266971821036,
902,0.93,0.55046879069669,
903,0.925,0.54977369049121,
904,0.92,0.55423635111388,
905,0.925,0.55802263887292,
906,0.945,0.56291660781975,
907,0.945,0.57281711488999,
908,0.935,0.59299933986114,
909,0.925,0.61990871901147,
910,0.905,0.6491176352979,
911,0.9,0.66777449485429,
912,0.89,0.67609513420691,
913,0.9,0.67788124406439,
914,0.9,0.66553027232625,
915,0.91,0.6424859257155,
916,0.915,0.62370642598297,
917,0.925,0.60617709068567,
918,0.93,0.59175514566535,
919,0.93,0.58100617857187,
920,0.935,0.57395125367184,
921,0.945,0.57048799669143,
922,0.945,0.57052013086893,
923,0.945,0.57384964508486,
924,0.94,0.57949808437228,
925,0.92,0.58809884123746,
926,0.915,0.59646688859774,
927,0.915,0.60279272649312,
928,0.915,0.60593213974527,
929,0.915,0.60549463438454,
930,0.915,0.60181769609632,
931,0.915,0.59578732696899,
932,0.92,0.58862325506542,
933,0.92,0.58167063808661,
934,0.92,0.57580573648575,
935,0.93,0.57155264731957,
936,0.93,0.56919028668595,
937,0.93,0.56861624641555,
938,0.93,0.56967823608887,
939,0.925,0.57201524549193,
940,0.93,0.57515033050618,
941,0.925,0.57849744478912,
942,0.925,0.58142423886149,
943,0.925,0.58341110459685,
944,0.925,0.58405760162026,
945,0.92,0.58318689019427,
946,0.92,0.58095579569143,
947,0.92,0.5777249314373,
948,0.925,0.57397163599841,
949,0.925,0.57030428046667,
950,0.925,0.56719718325354,
951,0.93,0.56491087090994,
952,0.93,0.56358998241917,
953,0.93,0.56325592255324,
954,0.93,0.56379451368913,
955,0.93,0.56500330744828,
956,0.925,0.56662155240727,
957,0.925,0.56827373112236,
958,0.925,0.56964856719212,
959,0.925,0.57048190400932,
960,0.925,0.57057884265042,
961,0.925,0.56986777618993,
962,0.925,0.56846147113375,
963,0.925,0.56661123806294,
964,0.925,0.56453844990496,
965,0.925,0.56247014105857,
966,0.925,0.56067052635526,
967,0.925,0.55928736861772,
968,0.925,0.55837630917315,
969,0.925,0.55793280425061,
970,0.925,0.55788480151632,
971,0.925,0.5581241255056,
972,0.925,0.55886631295724,
973,0.925,0.55924259954036,
974,0.925,0.55938093662946,
975,0.925,0.55919011307309,
976,0.925,0.55865423225801,
977,0.925,0.55781066135834,
978,0.925,0.55674716359038,
979,0.925,0.55564515855169,
980,0.925,0.55465448532254,
981,0.925,0.55382592241766,
982,0.925,0.55317791017434,
983,0.925,0.55270982371986,
984,0.925,0.55239584599969,
985,0.925,0.55218272424306,
986,0.925,0.55196107437745,
987,0.925,0.55162032365237,
988,0.925,0.55114125713027,
989,0.925,0.55048810259031,
990,0.925,0.54971655265323,
991,0.925,0.5488660160563,
992,0.925,0.54806236306414,
993,0.93,0.54733342722105,
994,0.93,0.54669825615171,
995,0.93,0.54618170351372,
996,0.93,0.54577184362815,
997,0.93,0.54544147053313,
998,0.93,0.5451302242639,
999,0.93,0.54476067923114,
1000,0.93,0.54430177966461,
1001,0.94,0.50570174084308,
1002,0.93,0.4977735188251,
1003,0.925,0.49507473761327,
1004,0.925,0.50060302819746,
1005,0.93,0.50560312813025,
1006,0.955,0.51397233990589,
1007,0.955,0.53424378610129,
1008,0.93,0.56811589658483,
1009,0.925,0.60409514578833,
1010,0.9,0.6322367622507,
1011,0.9,0.6458714739607,
1012,0.9,0.64286650488948,
1013,0.91,0.62586997871344,
1014,0.915,0.60080188718322,
1015,0.915,0.57402702261528,
1016,0.93,0.5517077190642,
1017,0.935,0.53558824088285,
1018,0.935,0.52497000182727,
1019,0.93,0.51896060147667,
1020,0.94,0.51703052648242,
1021,0.95,0.5191113120489,
1022,0.95,0.52208930204347,
1023,0.94,0.53314314658888,
1024,0.925,0.54591426887497,
1025,0.915,0.55779224238489,
1026,0.915,0.5659972422991,
1027,0.915,0.56876249402365,
1028,0.915,0.5657378806562,
1029,0.915,0.55799823165961,
1030,0.915,0.54754110531006,
1031,0.925,0.53656566359103,
1032,0.94,0.52697947754914,
1033,0.945,0.51985873732449,
1034,0.945,0.51568680787643,
1035,0.94,0.51447386364139,
1036,0.94,0.5159683451806,
1037,0.94,0.51972302097858,
1038,0.935,0.52504142205094,
1039,0.93,0.53098993222588,
1040,0.925,0.53644739559834,
1041,0.925,0.54033588897934,
1042,0.925,0.54190615115423,
1043,0.925,0.54090528498344,
1044,0.925,0.53762459194177,
1045,0.925,0.53283763062737,
1046,0.93,0.52742151927788,
1047,0.935,0.52233432496582,
1048,0.935,0.51825859546987,
1049,0.935,0.51559043367096,
1050,0.935,0.51448203363159,
1051,0.935,0.51489143643417,
1052,0.935,0.51654609813386,
1053,0.935,0.51903761865402,
1054,0.935,0.52185050691787,
1055,0.925,0.52441418405859,
1056,0.925,0.52624930619949,
1057,0.925,0.52696717037958,
1058,0.925,0.52643225290928,
1059,0.925,0.52478108543025,
1060,0.93,0.52234959332634,
1061,0.935,0.51958562958508,
1062,0.935,0.51691163328917,
1063,0.935,0.51464774093418,
1064,0.935,0.5130263327217,
1065,0.935,0.51218741504524,
1066,0.935,0.51209951254969,
1067,0.935,0.51261293210495,
1068,0.935,0.51352732745673,
1069,0.935,0.51454467332329,
1070,0.935,0.5153790068929,
1071,0.935,0.51579568710458,
1072,0.935,0.5156351033432,
1073,0.935,0.51489160862957,
1074,0.935,0.5136697039585,
1075,0.935,0.51220527460992,
1076,0.935,0.51076694984885,
1077,0.935,0.50950485746973,
1078,0.935,0.50857213901604,
1079,0.935,0.50801064456489,
1080,0.935,0.50779315530838,
1081,0.935,0.50781736682376,
1082,0.935,0.50795216448476,
1083,0.935,0.50801315304738,
1084,0.935,0.50785118941862,
1085,0.935,0.50742513769002,
1086,0.935,0.50674925489265,
1087,0.935,0.50594230812183,
1088,0.935,0.50508285634424,
1089,0.935,0.50426562674161,
1090,0.935,0.50365153358218,
1091,0.935,0.50323223584636,
1092,0.935,0.50297243397132,
1093,0.935,0.50281894309008,
1094,0.935,0.50268127998931,
1095,0.935,0.50245754610311,
1096,0.935,0.50206716333945,
1097,0.935,0.50152833626101,
1098,0.935,0.50091003740422,
1099,0.935,0.5002827808626,
1100,0.935,0.49967734514852,
1101,0.94,0.46367099459168,
1102,0.93,0.46414542005313,
1103,0.925,0.46923716070198,
1104,0.92,0.4751943225784,
1105,0.925,0.48075158924806,
1106,0.925,0.49035651955039,
1107,0.94,0.50655090803463,
1108,0.935,0.53776296302264,
1109,0.915,0.57145316707959,
1110,0.9,0.59765849718365,
1111,0.9,0.60870581331898,
1112,0.9,0.60277469621027,
1113,0.9,0.58320621897438,
1114,0.91,0.55622931149062,
1115,0.915,0.52850686101029,
1116,0.93,0.50521702584838,
1117,0.935,0.48902254245999,
1118,0.935,0.47990542639001,
1119,0.93,0.47693044929895,
1120,0.93,0.47910308103122,
1121,0.925,0.48549681193001,
1122,0.925,0.49477381981254,
1123,0.935,0.50506235652804,
1124,0.94,0.51408510402564,
1125,0.925,0.51120128611651,
1126,0.925,0.52090534946924,
1127,0.925,0.51737463260905,
1128,0.93,0.5102579852158,
1129,0.935,0.5012781998305,
1130,0.935,0.49221139287856,
1131,0.935,0.48459113092633,
1132,0.94,0.47929716401263,
1133,0.935,0.47684109447264,
1134,0.945,0.47733438941926,
1135,0.945,0.4803853483409,
1136,0.95,0.48531629616538,
1137,0.94,0.49109566503795,
1138,0.935,0.49644900662513,
1139,0.935,0.50019137976557,
1140,0.925,0.50160170072233,
1141,0.925,0.50048037724472,
1142,0.925,0.49712783020132,
1143,0.93,0.49233290711374,
1144,0.935,0.48710433051231,
1145,0.94,0.48225162699498,
1146,0.935,0.47842027058315,
1147,0.935,0.47594590793314,
1148,0.94,0.47496430835048,
1149,0.94,0.47536008077483,
1150,0.935,0.47692207790287,
1151,0.945,0.47929951104538,
1152,0.94,0.48202500833955,
1153,0.94,0.48455001902755,
1154,0.935,0.48637263317345,
1155,0.93,0.48708487496197,
1156,0.93,0.48658536975291,
1157,0.935,0.48500274286055,
1158,0.94,0.48269022501669,
1159,0.94,0.48008915567623,
1160,0.94,0.47760106838005,
1161,0.94,0.47552417958853,
1162,0.935,0.47404567042263,
1163,0.94,0.4732371848505,
1164,0.94,0.47306152664522,
1165,0.945,0.47338333480967,
1166,0.945,0.47400834007711,
1167,0.945,0.47472111935845,
1168,0.945,0.4753214524202,
1169,0.945,0.47562125430803,
1170,0.945,0.47551248254335,
1171,0.945,0.47496968543889,
1172,0.945,0.47408305295554,
1173,0.945,0.47297718736978,
1174,0.945,0.47181005885547,
1175,0.95,0.47073581602892,
1176,0.945,0.46986248597024,
1177,0.945,0.46927537960108,
1178,0.945,0.46899585040833,
1179,0.945,0.46898172362637,
1180,0.945,0.46913607069432,
1181,0.945,0.46933465346781,
1182,0.945,0.46944361201607,
1183,0.945,0.46939182121759,
1184,0.945,0.46909633403314,
1185,0.945,0.46851987644525,
1186,0.945,0.46771552541051,
1187,0.945,0.46680776500277,
1188,0.945,0.46594285148746,
1189,0.945,0.46518642743626,
1190,0.95,0.46461507018135,
1191,0.95,0.46424652187054,
1192,0.95,0.46405562341928,
1193,0.945,0.46396838613833,
1194,0.945,0.46392646767981,
1195,0.945,0.46388726647453,
1196,0.945,0.463790053349,
1197,0.945,0.46355192721875,
1198,0.945,0.46315853525798,
1199,0.945,0.46264211372078,
1200,0.945,0.46203487076757,
1201,0.945,0.41822875894606,
1202,0.93,0.40182989227685,
1203,0.93,0.39942238865337,
1204,0.925,0.40359374629884,
1205,0.94,0.41404748470318,
1206,0.94,0.43504198140163,
1207,0.94,0.46880592633351,
1208,0.93,0.49956106159036,
1209,0.92,0.5214110295721,
1210,0.91,0.54282167175916,
1211,0.905,0.54646575903736,
1212,0.91,0.54277890336683,
1213,0.915,0.52837117913138,
1214,0.92,0.49660977532212,
1215,0.935,0.46970686411873,
1216,0.94,0.450100589644,
1217,0.93,0.43773449742349,
1218,0.92,0.4318378890909,
1219,0.925,0.43192548924395,
1220,0.94,0.43791976647015,
1221,0.945,0.44916992157225,
1222,0.945,0.46395065530129,
1223,0.94,0.47119891534251,
1224,0.935,0.47081078334236,
1225,0.93,0.46763215905996,
1226,0.93,0.47302140373545,
1227,0.93,0.47418839242033,
1228,0.935,0.46838682809174,
1229,0.95,0.45561672991788,
1230,0.945,0.44521553996149,
1231,0.95,0.43848796468224,
1232,0.95,0.43571825358154,
1233,0.945,0.43664257641,
1234,0.945,0.44081718341852,
1235,0.945,0.44736845887372,
1236,0.945,0.44798055072449,
1237,0.94,0.45415872959237,
1238,0.93,0.45892124086117,
1239,0.93,0.45715973091155,
1240,0.93,0.45616610931672,
1241,0.935,0.45650438822254,
1242,0.94,0.45114288712462,
1243,0.945,0.45119455288467,
1244,0.945,0.44481645714814,
1245,0.945,0.43995832204421,
1246,0.945,0.43712510764511,
1247,0.945,0.43642717952382,
1248,0.945,0.43769351095077,
1249,0.945,0.44053928769016,
1250,0.945,0.44430118692544,
1251,0.945,0.44820689130553,
1252,0.945,0.44452516041198,
1253,0.94,0.44610552116679,
1254,0.94,0.44635381957788,
1255,0.94,0.44525658982911,
1256,0.94,0.44313172061522,
1257,0.945,0.4468121433933,
1258,0.945,0.44354970369048,
1259,0.945,0.44069940213623,
1260,0.945,0.43864295568756,
1261,0.945,0.43754952732567,
1262,0.94,0.43742039635047,
1263,0.945,0.43810086677727,
1264,0.945,0.43931441709024,
1265,0.945,0.44070777499229,
1266,0.945,0.44190019347182,
1267,0.945,0.44259207788176,
1268,0.945,0.44262126737996,
1269,0.945,0.44198593826677,
1270,0.945,0.4408119519222,
1271,0.945,0.43932863211851,
1272,0.945,0.43779311721135,
1273,0.945,0.43647259530853,
1274,0.945,0.43552316636992,
1275,0.95,0.43501548395368,
1276,0.945,0.43494667835155,
1277,0.945,0.43519712716892,
1278,0.945,0.43562292043447,
1279,0.945,0.43606192485403,
1280,0.945,0.43048178090882,
1281,0.945,0.43037880000128,
1282,0.945,0.42996215561451,
1283,0.945,0.42926745829744,
1284,0.945,0.42838131037119,
1285,0.945,0.42744998140554,
1286,0.945,0.42659694825005,
1287,0.945,0.42590846642817,
1288,0.945,0.42546910319909,
1289,0.945,0.42527723091719,
1290,0.945,0.42527167926298,
1291,0.945,0.42535377352933,
1292,0.945,0.42539631360074,
1293,0.945,0.42533536381135,
1294,0.945,0.42511700055937,
1295,0.945,0.42474729959346,
1296,0.945,0.42425009184041,
1297,0.945,0.42370918869618,
1298,0.945,0.42317814881117,
1299,0.945,0.42272898538383,
1300,0.945,0.42235616793794,
1301,0.935,0.38229586713645,
1302,0.925,0.37016155102936,
1303,0.915,0.37196597818004,
1304,0.925,0.37820466766434,
1305,0.93,0.39079481187385,
1306,0.945,0.41750231358166,
1307,0.94,0.46271454936276,
1308,0.925,0.48844322161277,
1309,0.91,0.51340027793958,
1310,0.91,0.50805046587903,
1311,0.91,0.50279127909793,
1312,0.915,0.50154161828466,
1313,0.925,0.4908697834199,
1314,0.94,0.45021229203777,
1315,0.945,0.42110271286726,
1316,0.94,0.4034954438883,
1317,0.93,0.39479334627349,
1318,0.93,0.39307951285847,
1319,0.935,0.39789860630792,
1320,0.95,0.40953595594363,
1321,0.945,0.41967497976118,
1322,0.935,0.4312691374576,
1323,0.925,0.43834982667315,
1324,0.92,0.44570361175971,
1325,0.925,0.44654051637171,
1326,0.93,0.44123679779007,
1327,0.935,0.43254967175444,
1328,0.945,0.42300178440777,
1329,0.945,0.41400627195308,
1330,0.95,0.40373892650539,
1331,0.95,0.39856785467346,
1332,0.95,0.39825727229961,
1333,0.95,0.4023758838535,
1334,0.95,0.40603923917252,
1335,0.945,0.41347302610473,
1336,0.94,0.42017813711122,
1337,0.935,0.42411494043679,
1338,0.93,0.42645829629625,
1339,0.93,0.42629663832685,
1340,0.935,0.42549704716733,
1341,0.94,0.42034839041684,
1342,0.945,0.41468854442432,
1343,0.945,0.4096785209164,
1344,0.95,0.4079155671702,
1345,0.955,0.40467352744363,
1346,0.955,0.40407759967993,
1347,0.955,0.40591284718148,
1348,0.95,0.40964623019306,
1349,0.945,0.40955255991111,
1350,0.945,0.41178105460579,
1351,0.945,0.41416201052492,
1352,0.94,0.41544815380426,
1353,0.94,0.41536121165906,
1354,0.945,0.41399844850987,
1355,0.945,0.4117207321293,
1356,0.945,0.40906789850659,
1357,0.945,0.4070155565607,
1358,0.95,0.40439107164353,
1359,0.95,0.4027362125405,
1360,0.95,0.40213892221813,
1361,0.95,0.4025208221283,
1362,0.94,0.40362696198716,
1363,0.945,0.40465587875435,
1364,0.945,0.40571358679534,
1365,0.945,0.40650527551483,
1366,0.945,0.40678997471417,
1367,0.945,0.40647612860978,
1368,0.945,0.40561034421901,
1369,0.945,0.40435890621985,
1370,0.95,0.40297643267814,
1371,0.95,0.40169524488245,
1372,0.95,0.40068708940005,
1373,0.95,0.40005319718999,
1374,0.95,0.39981488147767,
1375,0.955,0.39991445770917,
1376,0.95,0.4002520479336,
1377,0.95,0.40067138214021,
1378,0.95,0.40101225854006,
1379,0.95,0.40114559479207,
1380,0.95,0.40099518848147,
1381,0.95,0.40054465411399,
1382,0.95,0.39984175190948,
1383,0.95,0.39898934101581,
1384,0.95,0.39811545338847,
1385,0.955,0.39737121180392,
1386,0.955,0.39682794423535,
1387,0.955,0.39651479440398,
1388,0.955,0.39641437165616,
1389,0.95,0.39647127717539,
1390,0.95,0.39657568322706,
1391,0.95,0.39664558280739,
1392,0.95,0.39658790859106,
1393,0.95,0.39636674224538,
1394,0.95,0.39598362941348,
1395,0.95,0.39546665658584,
1396,0.95,0.39489992291527,
1397,0.95,0.39435053931009,
1398,0.955,0.39387533853662,
1399,0.955,0.39349608067633,
1400,0.955,0.39323604311936,
1401,0.925,0.3407241422804,
1402,0.845,0.34150189924837,
1403,0.82,0.35232549879766,
1404,0.88,0.35765028866215,
1405,0.925,0.37112336725317,
1406,0.935,0.42232985297827,
1407,0.92,0.46709631719819,
1408,0.9,0.50246688593968,
1409,0.88,0.55339251952331,
1410,0.88,0.53503529026531,
1411,0.89,0.53299991589907,
1412,0.905,0.51925464215048,
1413,0.92,0.47383073644228,
1414,0.95,0.42178594212509,
1415,0.94,0.38518930324039,
1416,0.92,0.36853899213167,
1417,0.92,0.36119328644344,
1418,0.93,0.35960938934114,
1419,0.935,0.36646067819653,
1420,0.945,0.3861577649026,
1421,0.935,0.40495497839315,
1422,0.92,0.42398173413835,
1423,0.915,0.43422961529496,
1424,0.915,0.43025369543517,
1425,0.915,0.42531187890444,
1426,0.925,0.41353410596961,
1427,0.93,0.40773485523713,
1428,0.95,0.39214752471818,
1429,0.95,0.37770802332899,
1430,0.945,0.3617032748299,
1431,0.93,0.35755491685696,
1432,0.93,0.36030460168472,
1433,0.945,0.36948917604549,
1434,0.95,0.38264400463272,
1435,0.945,0.3949768128889,
1436,0.93,0.40395639471835,
1437,0.925,0.41093024057538,
1438,0.92,0.41052291038815,
1439,0.925,0.41071694472283,
1440,0.925,0.40412056486494,
1441,0.94,0.39604812744119,
1442,0.95,0.38669971222404,
1443,0.955,0.3793083622045,
1444,0.955,0.37475421375039,
1445,0.955,0.37025062342797,
1446,0.955,0.37124212268775,
1447,0.955,0.37566767823593,
1448,0.955,0.37981991119174,
1449,0.95,0.38503075408292,
1450,0.95,0.39040209702035,
1451,0.945,0.39326474927939,
1452,0.945,0.39449553343676,
1453,0.945,0.39383686684284,
1454,0.95,0.39165395995777,
1455,0.95,0.38743759645999,
1456,0.95,0.38314262579411,
1457,0.955,0.37953723766452,
1458,0.955,0.37703014729453,
1459,0.955,0.37575302815202,
1460,0.955,0.37568333118138,
1461,0.955,0.37667341079499,
1462,0.95,0.3784425367872,
1463,0.95,0.38289281786306,
1464,0.95,0.38409286422875,
1465,0.95,0.38485512798586,
1466,0.95,0.38492895215471,
1467,0.95,0.38425259169786,
1468,0.95,0.38298336044274,
1469,0.95,0.38142742484135,
1470,0.95,0.37990278989109,
1471,0.955,0.37864374814864,
1472,0.955,0.37781649369644,
1473,0.955,0.3774826686829,
1474,0.955,0.37760226193267,
1475,0.955,0.37807094391661,
1476,0.955,0.37874427622907,
1477,0.95,0.37941223842652,
1478,0.95,0.37989183529347,
1479,0.95,0.38004906635968,
1480,0.95,0.37981045318524,
1481,0.95,0.37920219011242,
1482,0.95,0.37833450244621,
1483,0.95,0.37737681747773,
1484,0.955,0.37644566962407,
1485,0.955,0.37566313972761,
1486,0.96,0.37511418363996,
1487,0.96,0.37482026804155,
1488,0.96,0.37474499762279,
1489,0.955,0.37482302971899,
1490,0.95,0.37497925823831,
1491,0.95,0.375129311977,
1492,0.95,0.3752027889717,
1493,0.95,0.375117943283,
1494,0.95,0.37485936067802,
1495,0.95,0.37444390091492,
1496,0.95,0.37392556407538,
1497,0.95,0.37338225563734,
1498,0.955,0.37288564961913,
1499,0.955,0.37246142560053,
1500,0.955,0.37212914446326,
1501,0.925,0.32366533647593,
1502,0.89,0.31506541154316,
1503,0.875,0.32057362857144,
1504,0.88,0.32850127711653,
1505,0.91,0.34249085280707,
1506,0.95,0.37022364876951,
1507,0.93,0.40464414636616,
1508,0.93,0.42749266241015,
1509,0.915,0.45666648769992,
1510,0.91,0.45583581704081,
1511,0.91,0.46428698656355,
1512,0.91,0.45231981888138,
1513,0.93,0.42729604549146,
1514,0.935,0.39426195549436,
1515,0.925,0.37085178454787,
1516,0.92,0.3591153339299,
1517,0.925,0.34817966331358,
1518,0.94,0.34506688038996,
1519,0.955,0.35049941402523,
1520,0.955,0.36591354372627,
1521,0.95,0.37299669535699,
1522,0.945,0.3873771719569,
1523,0.935,0.38753203493036,
1524,0.935,0.38702184634686,
1525,0.94,0.38505905836766,
1526,0.945,0.38336106760334,
1527,0.94,0.38544091002293,
1528,0.955,0.35979835183912,
1529,0.955,0.35790834846244,
1530,0.955,0.3593757332094,
1531,0.955,0.35428748939346,
1532,0.94,0.35863640057035,
1533,0.945,0.36479136265081,
1534,0.945,0.37757351470587,
1535,0.935,0.38270791600668,
1536,0.935,0.38631956766516,
1537,0.935,0.38725143081998,
1538,0.935,0.38493947677395,
1539,0.935,0.3797732189439,
1540,0.945,0.3730917657212,
1541,0.95,0.36645928726842,
1542,0.95,0.36100462713544,
1543,0.95,0.35727960516988,
1544,0.95,0.35527489168766,
1545,0.955,0.35480939090758,
1546,0.955,0.35570509243159,
1547,0.955,0.35780005325239,
1548,0.95,0.36079928859569,
1549,0.95,0.36420134616107,
1550,0.95,0.36730635810791,
1551,0.95,0.36947556260385,
1552,0.95,0.37033599853743,
1553,0.95,0.36987011553944,
1554,0.95,0.36838543991418,
1555,0.955,0.36633254844401,
1556,0.95,0.36413789134018,
1557,0.955,0.36213987063064,
1558,0.955,0.36055023344777,
1559,0.955,0.35945636226419,
1560,0.955,0.35889447746627,
1561,0.96,0.3588363673199,
1562,0.955,0.35916987614953,
1563,0.95,0.35970087247439,
1564,0.95,0.36018140020726,
1565,0.95,0.36041507354988,
1566,0.95,0.3603050037699,
1567,0.95,0.35987085824097,
1568,0.95,0.35923135193201,
1569,0.95,0.35853547828073,
1570,0.96,0.35790629469538,
1571,0.96,0.35744251065866,
1572,0.96,0.35717773546448,
1573,0.96,0.35710874022181,
1574,0.96,0.35720170943813,
1575,0.96,0.35737595719159,
1576,0.955,0.35754097921292,
1577,0.95,0.35759907022167,
1578,0.95,0.35748316550678,
1579,0.95,0.35715172016866,
1580,0.95,0.35662487808717,
1581,0.95,0.35596409262955,
1582,0.95,0.35525439247401,
1583,0.95,0.35458477683727,
1584,0.96,0.35403352322312,
1585,0.96,0.35364117950821,
1586,0.96,0.35342502566431,
1587,0.96,0.3533828344607,
1588,0.96,0.35347292432298,
1589,0.955,0.35360493706427,
1590,0.95,0.35370483694928,
1591,0.95,0.35371590915056,
1592,0.95,0.35360894990349,
1593,0.95,0.35336839547247,
1594,0.95,0.35300462047621,
1595,0.955,0.35256509530907,
1596,0.955,0.35208782934329,
1597,0.96,0.35162281611548,
1598,0.96,0.35120176623666,
1599,0.96,0.35084972689425,
1600,0.96,0.35058336562492,
1601,0.93,0.31745467199134,
1602,0.905,0.29831458975418,
1603,0.895,0.30244456977693,
1604,0.9,0.31111369320168,
1605,0.935,0.32569541814856,
1606,0.935,0.35153874889636,
1607,0.94,0.37012172680282,
1608,0.925,0.38864272077663,
1609,0.925,0.41156601496492,
1610,0.92,0.42325321388938,
1611,0.92,0.42100567672183,
1612,0.92,0.41388256466486,
1613,0.94,0.39248641044498,
1614,0.945,0.36605120545244,
1615,0.945,0.34702463306926,
1616,0.94,0.33778653337824,
1617,0.935,0.32890528656507,
1618,0.945,0.32655450523257,
1619,0.955,0.33828049862335,
1620,0.96,0.34781557266639,
1621,0.95,0.35387040833671,
1622,0.94,0.36980607249925,
1623,0.94,0.36908594336852,
1624,0.94,0.36843483148925,
1625,0.94,0.3672622240566,
1626,0.945,0.36680858069148,
1627,0.955,0.36856042482772,
1628,0.96,0.37071454349026,
1629,0.95,0.36870191669056,
1630,0.955,0.34033592349778,
1631,0.95,0.34269254805736,
1632,0.94,0.34594908729249,
1633,0.945,0.3498365948678,
1634,0.945,0.35406405916822,
1635,0.945,0.36129656853357,
1636,0.935,0.36085441722351,
1637,0.935,0.3593354781697,
1638,0.94,0.35656556367244,
1639,0.95,0.35298558084165,
1640,0.95,0.34935934999886,
1641,0.955,0.34392543088822,
1642,0.965,0.33976791364825,
1643,0.96,0.33698992612911,
1644,0.96,0.33561648438604,
1645,0.96,0.33551072096828,
1646,0.96,0.33652602777892,
1647,0.965,0.33848537607199,
1648,0.955,0.34109928919101,
1649,0.955,0.3439010854745,
1650,0.955,0.3462897795633,
1651,0.955,0.34779493276592,
1652,0.955,0.34819017742052,
1653,0.95,0.34754641290261,
1654,0.95,0.34616682028732,
1655,0.955,0.34442127696004,
1656,0.95,0.3426257349736,
1657,0.96,0.34102544914414,
1658,0.96,0.3397782035655,
1659,0.96,0.33896369773206,
1660,0.965,0.33859840267313,
1661,0.965,0.33863200898285,
1662,0.955,0.33894561480525,
1663,0.955,0.34284517208352,
1664,0.955,0.34289701065225,
1665,0.955,0.36865621536202,
1666,0.955,0.36873494197578,
1667,0.955,0.36890239892679,
1668,0.955,0.36913873454731,
1669,0.96,0.36505047665103,
1670,0.96,0.36498378664902,
1671,0.96,0.3649665080806,
1672,0.96,0.36499582151366,
1673,0.96,0.36502619160151,
1674,0.96,0.36505990017223,
1675,0.96,0.36956409760251,
1676,0.96,0.36927478600603,
1677,0.955,0.36892916043905,
1678,0.955,0.36854691442353,
1679,0.955,0.36816232902102,
1680,0.955,0.367807686304,
1681,0.96,0.36750321057616,
1682,0.96,0.36722622905633,
1683,0.96,0.3669527099518,
1684,0.965,0.36668015351205,
1685,0.965,0.36641458334378,
1686,0.965,0.36615388616993,
1687,0.965,0.36592054364873,
1688,0.965,0.3657207112882,
1689,0.96,0.36559188648412,
1690,0.96,0.36552887151709,
1691,0.96,0.36553055395344,
1692,0.96,0.36556624389327,
1693,0.96,0.3655710323168,
1694,0.96,0.36549807554795,
1695,0.965,0.36534543840684,
1696,0.965,0.3651415574393,
1697,0.965,0.36490196128909,
1698,0.965,0.36463589762737,
1699,0.965,0.36435674814595,
1700,0.965,0.3640721836486,
1701,0.93,0.29735555294063,
1702,0.915,0.27406904249382,
1703,0.9,0.2752609141734,
1704,0.905,0.28128640072722,
1705,0.925,0.29462280298653,
1706,0.95,0.32054677883594,
1707,0.93,0.34567526885201,
1708,0.93,0.35379333205045,
1709,0.925,0.3748468227176,
1710,0.92,0.38472441167995,
1711,0.92,0.38089014300231,
1712,0.915,0.37396111471713,
1713,0.935,0.36259148103034,
1714,0.94,0.33574911588297,
1715,0.93,0.3176610082425,
1716,0.93,0.3077109820282,
1717,0.935,0.30168620752589,
1718,0.94,0.30330049418981,
1719,0.955,0.30871906275687,
1720,0.96,0.32683794420878,
1721,0.95,0.33375155421535,
1722,0.945,0.35291318538558,
1723,0.94,0.35287236592071,
1724,0.935,0.35265230278886,
1725,0.945,0.35152138575039,
1726,0.945,0.3508621567258,
1727,0.945,0.35246079038886,
1728,0.955,0.35412635714411,
1729,0.955,0.32120244494054,
1730,0.955,0.32124957342157,
1731,0.95,0.32269455919627,
1732,0.95,0.32500411172097,
1733,0.95,0.32813694811187,
1734,0.945,0.33798247791754,
1735,0.945,0.36753044477272,
1736,0.94,0.36591842020905,
1737,0.94,0.36418662349163,
1738,0.945,0.36210842378848,
1739,0.955,0.35988031438121,
1740,0.955,0.35803789313441,
1741,0.96,0.35823054652167,
1742,0.965,0.35675234648395,
1743,0.96,0.32029109290962,
1744,0.96,0.31887321708327,
1745,0.96,0.3185599497344,
1746,0.96,0.31923524585464,
1747,0.965,0.35471055389276,
1748,0.96,0.35502558514983,
1749,0.955,0.35576733142033,
1750,0.955,0.35671787161979,
1751,0.955,0.35758291950775,
1752,0.955,0.35816996630156,
1753,0.955,0.35843887444781,
1754,0.96,0.3584539188356,
1755,0.96,0.35828933136342,
1756,0.965,0.35798477928872,
1757,0.96,0.35749804739961,
1758,0.96,0.3568173466687,
1759,0.965,0.35595878664141,
1760,0.965,0.35502417938492,
1761,0.965,0.35413670673443,
1762,0.96,0.35340107361205,
1763,0.955,0.35287093092705,
1764,0.955,0.3517036752242,
1765,0.955,0.35138483818306,
1766,0.955,0.35137955191818,
1767,0.955,0.35163940598277,
1768,0.96,0.35208082845479,
1769,0.965,0.35251872305786,
1770,0.965,0.35272433657095,
1771,0.965,0.35289991244829,
1772,0.965,0.35297314564028,
1773,0.965,0.35292544909108,
1774,0.965,0.35277400184898,
1775,0.965,0.35253783434805,
1776,0.96,0.35209840130669,
1777,0.96,0.35163442289923,
1778,0.96,0.35125104521175,
1779,0.96,0.35096112650842,
1780,0.96,0.35076381882106,
1781,0.96,0.35065018409307,
1782,0.96,0.35059297698848,
1783,0.965,0.35044936598428,
1784,0.965,0.35022241308643,
1785,0.965,0.3499894904932,
1786,0.965,0.34974459291561,
1787,0.965,0.34951661883163,
1788,0.965,0.34943609590244,
1789,0.965,0.34916634749961,
1790,0.96,0.34896975895784,
1791,0.96,0.34884140950527,
1792,0.96,0.34876859716705,
1793,0.96,0.34874161468297,
1794,0.96,0.34872053709645,
1795,0.965,0.3486728588246,
1796,0.965,0.34858101570743,
1797,0.965,0.3484558303601,
1798,0.965,0.34828326507043,
1799,0.965,0.34806884980149,
1800,0.965,0.34782717325356,
1801,0.93,0.26827502683181,
1802,0.905,0.26110829566475,
1803,0.89,0.26647765096523,
1804,0.895,0.27452962704102,
1805,0.93,0.28828250297051,
1806,0.945,0.31806065342669,
1807,0.935,0.35034623314776,
1808,0.935,0.37061910099644,
1809,0.92,0.36523977181199,
1810,0.915,0.37366699077119,
1811,0.92,0.36885219313704,
1812,0.93,0.3631571352829,
1813,0.935,0.3522268226183,
1814,0.955,0.32206693532762,
1815,0.935,0.30908044870151,
1816,0.935,0.29487789267397,
1817,0.935,0.2881341696228,
1818,0.945,0.28786916112913,
1819,0.96,0.29769700930079,
1820,0.955,0.30715497506587,
1821,0.955,0.34542278937604,
1822,0.94,0.34087214319296,
1823,0.935,0.33774020062543,
1824,0.94,0.33617738470702,
1825,0.945,0.33545477052611,
1826,0.945,0.3313365730429,
1827,0.95,0.33265206814485,
1828,0.96,0.33751749373423,
1829,0.955,0.34442999594863,
1830,0.955,0.35087396722952,
1831,0.955,0.35488313866034,
1832,0.955,0.35598762557722,
1833,0.95,0.35501205178151,
1834,0.94,0.3532987207272,
1835,0.945,0.34975553239489,
1836,0.94,0.34782292925065,
1837,0.94,0.34806035550168,
1838,0.95,0.34555190565365,
1839,0.95,0.34287449630887,
1840,0.955,0.34072614167279,
1841,0.96,0.33963051680154,
1842,0.965,0.33858445016936,
1843,0.955,0.33787710482195,
1844,0.955,0.33768459251668,
1845,0.955,0.33766987316319,
1846,0.955,0.3377968820417,
1847,0.965,0.3382584555506,
1848,0.96,0.33917681400688,
1849,0.955,0.33793118468972,
1850,0.955,0.33846348275778,
1851,0.955,0.33921262634035,
1852,0.955,0.34001115650322,
1853,0.96,0.3407685113918,
1854,0.96,0.34146241961748,
1855,0.96,0.34205986403296,
1856,0.965,0.34234476721903,
1857,0.96,0.34158299219782,
1858,0.96,0.34067147790912,
1859,0.965,0.33967189411455,
1860,0.965,0.33970702303346,
1861,0.965,0.33841419486375,
1862,0.96,0.33728723276724,
1863,0.955,0.33645755505177,
1864,0.955,0.33597338601518,
1865,0.955,0.33582884593778,
1866,0.955,0.33595894791934,
1867,0.96,0.33630282996898,
1868,0.96,0.33679641537041,
1869,0.96,0.33732448614784,
1870,0.965,0.33776977804889,
1871,0.965,0.33803001780954,
1872,0.965,0.33806109764846,
1873,0.965,0.33785988098466,
1874,0.965,0.33749562267221,
1875,0.965,0.33706725963988,
1876,0.965,0.33665555535257,
1877,0.96,0.33632684292543,
1878,0.96,0.33609616090984,
1879,0.96,0.33597081907478,
1880,0.96,0.33590426303626,
1881,0.96,0.33586584739825,
1882,0.96,0.33581089960493,
1883,0.965,0.3357042343264,
1884,0.965,0.33551612075129,
1885,0.965,0.33525199284355,
1886,0.965,0.33493954701345,
1887,0.965,0.33460658467878,
1888,0.965,0.33430209607198,
1889,0.965,0.33406685252352,
1890,0.965,0.33390977869948,
1891,0.965,0.33383217521666,
1892,0.965,0.3338103747477,
1893,0.965,0.33383628381431,
1894,0.965,0.33388378271552,
1895,0.965,0.33390844706031,
1896,0.965,0.33387533770414,
1897,0.965,0.33374385813389,
1898,0.965,0.33352608582964,
1899,0.965,0.33323251574456,
1900,0.965,0.33289482011087,
1901,0.925,0.26507555987215,
1902,0.89,0.2463348561505,
1903,0.875,0.25486735681847,
1904,0.88,0.26302579632078,
1905,0.93,0.27632773203168,
1906,0.945,0.30657709679649,
1907,0.94,0.3242569844856,
1908,0.92,0.36312899360094,
1909,0.91,0.37358040730451,
1910,0.91,0.38330741885683,
1911,0.915,0.37054371062727,
1912,0.93,0.3459161381355,
1913,0.935,0.33014947841821,
1914,0.955,0.30898808188001,
1915,0.935,0.2921616071972,
1916,0.925,0.27682899674932,
1917,0.94,0.26948383926205,
1918,0.945,0.26902734799774,
1919,0.96,0.27760330289146,
1920,0.955,0.32102909623395,
1921,0.955,0.3244484697073,
1922,0.94,0.31886108666524,
1923,0.94,0.31676787478767,
1924,0.94,0.31587131147633,
1925,0.945,0.31568156279422,
1926,0.945,0.31813306463598,
1927,0.945,0.31603219964276,
1928,0.955,0.32369166917001,
1929,0.955,0.33349082191288,
1930,0.955,0.34516476862316,
1931,0.95,0.34895094812139,
1932,0.955,0.34862316499077,
1933,0.95,0.34568425565784,
1934,0.94,0.34193200859874,
1935,0.945,0.33868448425727,
1936,0.94,0.33608523321622,
1937,0.945,0.33360651148393,
1938,0.945,0.33102263393161,
1939,0.95,0.3287785409869,
1940,0.955,0.32761806802959,
1941,0.965,0.3264089868689,
1942,0.965,0.32457770028384,
1943,0.96,0.32417210535171,
1944,0.96,0.32423915374412,
1945,0.96,0.32434821701145,
1946,0.96,0.32450196715847,
1947,0.965,0.32496664880439,
1948,0.96,0.32457979935519,
1949,0.955,0.32462591724121,
1950,0.955,0.32525090633918,
1951,0.955,0.32614002580158,
1952,0.955,0.32709045176039,
1953,0.96,0.32804086939485,
1954,0.96,0.3289790377333,
1955,0.96,0.32984091121106,
1956,0.965,0.33003947907982,
1957,0.96,0.32932531385361,
1958,0.96,0.32836896414072,
1959,0.965,0.32719596887089,
1960,0.965,0.32710740953659,
1961,0.965,0.32544035536591,
1962,0.96,0.32400043038114,
1963,0.96,0.32295790987527,
1964,0.955,0.32238624181211,
1965,0.955,0.32225059017324,
1966,0.96,0.32248925877205,
1967,0.96,0.32301280974756,
1968,0.96,0.32370039226377,
1969,0.96,0.32441326861819,
1970,0.965,0.32499112524856,
1971,0.965,0.32528503278243,
1972,0.965,0.32525249787049,
1973,0.965,0.32493523754354,
1974,0.965,0.32445071279547,
1975,0.965,0.32391292815017,
1976,0.965,0.32344693568657,
1977,0.96,0.32309539367127,
1978,0.96,0.32287040625504,
1979,0.96,0.32276806256482,
1980,0.96,0.32276547180251,
1981,0.96,0.32283014225076,
1982,0.96,0.32287511522606,
1983,0.965,0.32285943804155,
1984,0.965,0.32273356023733,
1985,0.965,0.3224739450502,
1986,0.965,0.32208940344779,
1987,0.965,0.32163126622139,
1988,0.965,0.32117916813319,
1989,0.965,0.32079098606891,
1990,0.96,0.32052642439709,
1991,0.96,0.32040261389048,
1992,0.96,0.32039771941961,
1993,0.96,0.32048961506753,
1994,0.96,0.32060502170716,
1995,0.965,0.32070133689014,
1996,0.965,0.32073196141091,
1997,0.965,0.32069321478632,
1998,0.965,0.32058783041237,
1999,0.965,0.32043153980674,
2000,0.965,0.32023683467257,
2001,0.935,0.3069384902432,
2002,0.905,0.27246340821026,
2003,0.895,0.27597725313044,
2004,0.9,0.27817953592983,
2005,0.93,0.2920192443732,
2006,0.955,0.30375202568302,
2007,0.935,0.30556013031545,
2008,0.935,0.31057839452323,
2009,0.925,0.35887304967405,
2010,0.925,0.35065939036995,
2011,0.93,0.32866562142912,
2012,0.93,0.32930527044947,
2013,0.945,0.32863208149992,
2014,0.95,0.31748007872362,
2015,0.935,0.31047144314551,
2016,0.94,0.2593304326696,
2017,0.94,0.29431790400724,
2018,0.945,0.30022029201083,
2019,0.965,0.31137846823644,
2020,0.96,0.3144612498617,
2021,0.955,0.31577326517901,
2022,0.945,0.37432962094277,
2023,0.945,0.36881602550115,
2024,0.945,0.36811146521079,
2025,0.945,0.37151889760474,
2026,0.945,0.37181531743837,
2027,0.955,0.3062975889085,
2028,0.97,0.31332901103697,
2029,0.965,0.32588067067291,
2030,0.96,0.33137501107094,
2031,0.96,0.33352507162894,
2032,0.965,0.33256953817023,
2033,0.96,0.32928567344455,
2034,0.95,0.32558389698415,
2035,0.95,0.32249014518756,
2036,0.945,0.32010146950352,
2037,0.95,0.318160702924,
2038,0.95,0.31652229727161,
2039,0.95,0.31545011242294,
2040,0.96,0.31533936976039,
2041,0.96,0.31625855831871,
2042,0.965,0.31776949595571,
2043,0.96,0.31511654895223,
2044,0.96,0.31507535934918,
2045,0.96,0.31429693230407,
2046,0.965,0.31300584527627,
2047,0.96,0.31170299730017,
2048,0.96,0.31083279692512,
2049,0.96,0.31061918033201,
2050,0.955,0.31297450150356,
2051,0.955,0.31334761675945,
2052,0.96,0.31415546858271,
2053,0.96,0.31529221030804,
2054,0.96,0.31663415247909,
2055,0.96,0.31795127161947,
2056,0.965,0.31895956223694,
2057,0.965,0.31936854859179,
2058,0.965,0.31904876239066,
2059,0.965,0.31805734893144,
2060,0.965,0.31662209736184,
2061,0.96,0.31505038389158,
2062,0.96,0.31362933497142,
2063,0.96,0.31256463655238,
2064,0.96,0.31193201857909,
2065,0.96,0.31174608566522,
2066,0.96,0.31195980581994,
2067,0.96,0.3124965023095,
2068,0.96,0.31320862584278,
2069,0.965,0.31394335433918,
2070,0.965,0.31453868183773,
2071,0.965,0.31486373657771,
2072,0.965,0.31487242738362,
2073,0.965,0.31461917914615,
2074,0.965,0.31417682764943,
2075,0.965,0.31363686396346,
2076,0.96,0.31310598456132,
2077,0.96,0.31266616291751,
2078,0.96,0.31236686328868,
2079,0.96,0.31221128292105,
2080,0.96,0.31217781301507,
2081,0.96,0.31223718988621,
2082,0.965,0.31234511970244,
2083,0.965,0.31242650960307,
2084,0.965,0.31241590433448,
2085,0.965,0.31227294767016,
2086,0.965,0.31201540983096,
2087,0.965,0.31168324434839,
2088,0.965,0.31133788241379,
2089,0.96,0.31104987348528,
2090,0.96,0.31085918825398,
2091,0.96,0.3107659558255,
2092,0.96,0.31078951122183,
2093,0.96,0.31090684911021,
2094,0.965,0.31106502461895,
2095,0.965,0.31119626335737,
2096,0.965,0.31125965418259,
2097,0.965,0.3112173425517,
2098,0.965,0.31108839666083,
2099,0.965,0.31087156817757,
2100,0.965,0.31060567019971,
2101,0.95,0.31342796088723,
2102,0.925,0.29604722803505,
2103,0.915,0.3003372785565,
2104,0.915,0.2981918118226,
2105,0.945,0.29341237339795,
2106,0.955,0.29843174649836,
2107,0.935,0.29481417176134,
2108,0.94,0.2967921399318,
2109,0.935,0.30532541038194,
2110,0.93,0.31447780077597,
2111,0.93,0.32180111122202,
2112,0.935,0.32935316156435,
2113,0.95,0.33096202922196,
2114,0.955,0.32830136798281,
2115,0.945,0.31276797694651,
2116,0.935,0.30785439653347,
2117,0.945,0.3033942530431,
2118,0.945,0.32207178961113,
2119,0.96,0.3230254871193,
2120,0.965,0.31071687553138,
2121,0.955,0.30740004532903,
2122,0.945,0.36916893685674,
2123,0.945,0.36413894357826,
2124,0.945,0.36314125407186,
2125,0.945,0.36569671124323,
2126,0.945,0.37171271470181,
2127,0.955,0.34469402710479,
2128,0.97,0.30482129385526,
2129,0.965,0.31142007564994,
2130,0.965,0.31985638401481,
2131,0.965,0.32167958281319,
2132,0.965,0.32127338415308,
2133,0.955,0.31886963765563,
2134,0.96,0.31572853333765,
2135,0.955,0.31268640741971,
2136,0.955,0.31011011817585,
2137,0.95,0.30799282313897,
2138,0.95,0.30639261364089,
2139,0.955,0.3054702754728,
2140,0.96,0.30536149757646,
2141,0.96,0.30602223136262,
2142,0.965,0.30706762713609,
2143,0.97,0.30796651599664,
2144,0.965,0.30356952146292,
2145,0.97,0.30295216878958,
2146,0.97,0.30198717476315,
2147,0.96,0.30497739703163,
2148,0.96,0.30367117935921,
2149,0.96,0.30282565056245,
2150,0.96,0.30253464390887,
2151,0.96,0.30277965256519,
2152,0.96,0.30346914511006,
2153,0.96,0.30448038203874,
2154,0.96,0.30562981902161,
2155,0.96,0.30672040115842,
2156,0.965,0.30752727278968,
2157,0.965,0.30785421433962,
2158,0.965,0.30759389522916,
2159,0.965,0.30678968509548,
2160,0.965,0.30561716892496,
2161,0.965,0.30430976819512,
2162,0.96,0.30309076909303,
2163,0.96,0.30213762212981,
2164,0.96,0.30155913120477,
2165,0.96,0.30137322474246,
2166,0.96,0.30155460888184,
2167,0.96,0.30203054386006,
2168,0.96,0.30268844482307,
2169,0.96,0.30336152430377,
2170,0.965,0.30390114719841,
2171,0.965,0.30420750616501,
2172,0.965,0.3042326139326,
2173,0.965,0.30399546645839,
2174,0.965,0.30356644299563,
2175,0.96,0.30303378461616,
2176,0.96,0.34575563465019,
2177,0.96,0.34523191301988,
2178,0.96,0.34484399006731,
2179,0.96,0.34465300154996,
2180,0.96,0.34468830176371,
2181,0.96,0.34488296096019,
2182,0.96,0.34514179412362,
2183,0.96,0.34537048074713,
2184,0.96,0.34545791785173,
2185,0.96,0.38529052251421,
2186,0.965,0.38505531872565,
2187,0.96,0.38468687191378,
2188,0.96,0.38428814498484,
2189,0.96,0.3839439350788,
2190,0.96,0.38372262946569,
2191,0.96,0.3836701842139,
2192,0.96,0.38378290931894,
2193,0.96,0.38401366709102,
2194,0.96,0.38428003680525,
2195,0.965,0.38449565547701,
2196,0.965,0.38461644172107,
2197,0.965,0.38462671534622,
2198,0.965,0.38452439628629,
2199,0.965,0.38433594580574,
2200,0.965,0.38411133647247,
2201,0.95,0.30768880081726,
2202,0.92,0.28924003939319,
2203,0.915,0.27195194722318,
2204,0.92,0.2716058377948,
2205,0.945,0.28258871215306,
2206,0.955,0.28592568526038,
2207,0.945,0.28813413276463,
2208,0.94,0.28949191489951,
2209,0.935,0.30032056702943,
2210,0.925,0.30486123213287,
2211,0.925,0.30661199380886,
2212,0.935,0.31585255563822,
2213,0.955,0.2868389872683,
2214,0.955,0.27776239271645,
2215,0.95,0.2602249961165,
2216,0.945,0.2572457456666,
2217,0.945,0.25524722276993,
2218,0.945,0.3108590734336,
2219,0.96,0.31366378931243,
2220,0.965,0.30383863728643,
2221,0.955,0.29436876282544,
2222,0.945,0.29214084640106,
2223,0.945,0.28922094238654,
2224,0.945,0.36075846613632,
2225,0.945,0.36477606923116,
2226,0.945,0.37320108625995,
2227,0.955,0.34422020745519,
2228,0.97,0.31022843416873,
2229,0.96,0.30699321184816,
2230,0.96,0.3114872965713,
2231,0.965,0.31289708705624,
2232,0.965,0.31135190794561,
2233,0.965,0.30798444221457,
2234,0.96,0.30418823043101,
2235,0.955,0.35155499116035,
2236,0.95,0.38755602336905,
2237,0.95,0.38433539382855,
2238,0.95,0.37677596134759,
2239,0.955,0.33727666281729,
2240,0.96,0.33822046207039,
2241,0.96,0.29625169462203,
2242,0.97,0.29775136302872,
2243,0.97,0.29892559328204,
2244,0.97,0.29924941556281,
2245,0.97,0.29855722838678,
2246,0.97,0.29708647667794,
2247,0.96,0.29531647528097,
2248,0.96,0.29372685093953,
2249,0.96,0.29263190648484,
2250,0.96,0.29217591785293,
2251,0.96,0.29232855340894,
2252,0.96,0.29298995438305,
2253,0.96,0.29404103832222,
2254,0.96,0.29533415453118,
2255,0.96,0.29659747546085,
2256,0.965,0.29753410110368,
2257,0.965,0.29791780038952,
2258,0.965,0.29763742206186,
2259,0.965,0.34167476760765,
2260,0.965,0.38218441120641,
2261,0.96,0.3800971140392,
2262,0.96,0.37817133327471,
2263,0.96,0.37672123388475,
2264,0.96,0.37590315209872,
2265,0.96,0.37577670184154,
2266,0.96,0.3762718922275,
2267,0.96,0.37721200942138,
2268,0.96,0.37837996916869,
2269,0.96,0.37952610515346,
2270,0.965,0.38043104634755,
2271,0.965,0.38095122662794,
2272,0.965,0.38104265902634,
2273,0.965,0.38071869313024,
2274,0.965,0.38010147604655,
2275,0.96,0.37937328340565,
2276,0.96,0.3786849668352,
2277,0.96,0.37817343877767,
2278,0.96,0.37792785076102,
2279,0.96,0.37795418028785,
2280,0.96,0.37819873552019,
2281,0.96,0.37858221295109,
2282,0.96,0.37898966481675,
2283,0.96,0.37927715528606,
2284,0.965,0.37937019644026,
2285,0.965,0.37924415048917,
2286,0.965,0.37892891379182,
2287,0.96,0.3784957125644,
2288,0.96,0.37802910848307,
2289,0.96,0.37762208118051,
2290,0.96,0.3773695348915,
2291,0.96,0.37730083368449,
2292,0.96,0.37740676779201,
2293,0.96,0.37763147896309,
2294,0.96,0.37790826947057,
2295,0.96,0.37816118955727,
2296,0.96,0.37830929245655,
2297,0.965,0.37832600575666,
2298,0.965,0.37819368880699,
2299,0.965,0.37793397178807,
2300,0.965,0.37761344389478,
2301,0.935,0.30634896957197,
2302,0.92,0.29102501928471,
2303,0.905,0.26965048335103,
2304,0.92,0.29161917894666,
2305,0.94,0.2774944544332,
2306,0.965,0.27750201101729,
2307,0.94,0.27100233975983,
2308,0.935,0.32995299337437,
2309,0.92,0.33495974949829,
2310,0.92,0.33829282452019,
2311,0.92,0.34400005157106,
2312,0.92,0.35487939075085,
2313,0.955,0.30061571537544,
2314,0.95,0.30093074528938,
2315,0.95,0.31057535561977,
2316,0.945,0.29448408114063,
2317,0.935,0.30565094990094,
2318,0.935,0.3075408772148,
2319,0.955,0.30677965800794,
2320,0.96,0.37146258676832,
2321,0.95,0.36459746451947,
2322,0.945,0.37189396665441,
2323,0.945,0.3641431046192,
2324,0.945,0.36328349038963,
2325,0.945,0.36859645099717,
2326,0.945,0.37975324398338,
2327,0.96,0.36985544055591,
2328,0.965,0.38444056639999,
2329,0.965,0.39798473561487,
2330,0.965,0.39181260069788,
2331,0.965,0.39289258844946,
2332,0.965,0.38884646141423,
2333,0.965,0.38148827906228,
2334,0.965,0.37348264903996,
2335,0.955,0.36692663973981,
2336,0.95,0.36252735833073,
2337,0.95,0.39274427138469,
2338,0.95,0.35977716777258,
2339,0.955,0.36120544771819,
2340,0.96,0.36438753511125,
2341,0.96,0.36885171488313,
2342,0.965,0.37358711964313,
2343,0.965,0.37732969379904,
2344,0.965,0.37902224964909,
2345,0.965,0.37832283011122,
2346,0.965,0.37563790495352,
2347,0.965,0.37191057047576,
2348,0.96,0.36821037210367,
2349,0.96,0.36532462042779,
2350,0.96,0.36369036532399,
2351,0.955,0.36339994340194,
2352,0.96,0.36440484792969,
2353,0.96,0.36644649429923,
2354,0.96,0.36918933544404,
2355,0.96,0.37215067152051,
2356,0.96,0.37477592631913,
2357,0.965,0.37654567568714,
2358,0.97,0.37712933464123,
2359,0.97,0.37648240954139,
2360,0.965,0.37486281513825,
2361,0.96,0.37271665027831,
2362,0.96,0.37053775679351,
2363,0.96,0.36877555493325,
2364,0.96,0.36766664246072,
2365,0.96,0.36735750475967,
2366,0.96,0.3678262281748,
2367,0.96,0.36894923906955,
2368,0.96,0.37047464357393,
2369,0.965,0.37205863560952,
2370,0.965,0.3734033624386,
2371,0.965,0.37428649389729,
2372,0.965,0.37459939725117,
2373,0.965,0.37436242419823,
2374,0.97,0.3737134386406,
2375,0.965,0.37284423702978,
2376,0.965,0.37187727116022,
2377,0.965,0.37113980266191,
2378,0.965,0.370769820786,
2379,0.965,0.37078723615818,
2380,0.965,0.37114957070936,
2381,0.965,0.37175566027443,
2382,0.97,0.37243029816907,
2383,0.97,0.37299552187711,
2384,0.97,0.37331374778695,
2385,0.97,0.37333191356153,
2386,0.97,0.37306281640029,
2387,0.97,0.37257756079417,
2388,0.97,0.37199495890658,
2389,0.97,0.37144691743981,
2390,0.97,0.37103475617644,
2391,0.97,0.38021214612491,
2392,0.97,0.38018107826004,
2393,0.97,0.38041275208091,
2394,0.97,0.3807901667865,
2395,0.975,0.38123172512546,
2396,0.975,0.38163306387422,
2397,0.975,0.38188770900008,
2398,0.975,0.38197897765696,
2399,0.975,0.38191310506935,
2400,0.975,0.38171111537164,
2401,0.945,0.31073978607764,
2402,0.895,0.21963453830642,
2403,0.875,0.23253866198348,
2404,0.895,0.23203397797295,
2405,0.95,0.25238229918534,
2406,0.955,0.24366734549964,
2407,0.95,0.29124178203151,
2408,0.935,0.31500509652623,
2409,0.91,0.32711422927173,
2410,0.91,0.31355830389393,
2411,0.925,0.32409106639914,
2412,0.935,0.30804699542099,
2413,0.955,0.31502447068445,
2414,0.97,0.26318382988885,
2415,0.965,0.2435457883885,
2416,0.945,0.23512479835308,
2417,0.945,0.23968514975624,
2418,0.95,0.31500773485776,
2419,0.96,0.28920540512329,
2420,0.965,0.27011855406879,
2421,0.965,0.30755191589901,
2422,0.965,0.36082054098372,
2423,0.96,0.35268101076565,
2424,0.96,0.3552705357351,
2425,0.96,0.3625447968998,
2426,0.97,0.38459496540624,
2427,0.985,0.36502288343724,
2428,0.98,0.38624479420629,
2429,0.98,0.40459381032775,
2430,0.975,0.41539854891878,
2431,0.97,0.41604863541664,
2432,0.975,0.4078265260089,
2433,0.975,0.39484023627465,
2434,0.98,0.41754600951903,
2435,0.98,0.4373052955342,
2436,0.97,0.42385585721034,
2437,0.96,0.41822668792943,
2438,0.96,0.39836459524099,
2439,0.97,0.40487118897973,
2440,0.975,0.37028373851506,
2441,0.985,0.37847143873478,
2442,0.98,0.37674512789138,
2443,0.98,0.3826658340389,
2444,0.985,0.38504854087827,
2445,0.985,0.3833725188457,
2446,0.985,0.3784750827323,
2447,0.985,0.3720229086471,
2448,0.98,0.36569980255328,
2449,0.975,0.36068265900394,
2450,0.975,0.35737725512459,
2451,0.975,0.35627442856925,
2452,0.975,0.35719860428887,
2453,0.975,0.35986383683452,
2454,0.98,0.36372696613164,
2455,0.98,0.36808521285667,
2456,0.98,0.37199162664958,
2457,0.98,0.37472088810051,
2458,0.98,0.37570807022033,
2459,0.98,0.37483482583137,
2460,0.985,0.37243305100887,
2461,0.985,0.36900485497721,
2462,0.98,0.3654941743008,
2463,0.98,0.36254457456804,
2464,0.98,0.36058737582196,
2465,0.98,0.35980038862733,
2466,0.98,0.36016401339527,
2467,0.98,0.36148438668373,
2468,0.98,0.36344143926879,
2469,0.985,0.36561424464109,
2470,0.985,0.36756234892489,
2471,0.99,0.36891780471112,
2472,0.99,0.36949523014967,
2473,0.99,0.36929523056876,
2474,0.985,0.37867473385108,
2475,0.98,0.37722154914067,
2476,0.98,0.375803025678,
2477,0.98,0.37472389386868,
2478,0.98,0.37418169172481,
2479,0.98,0.37427520893365,
2480,0.98,0.37493021788109,
2481,0.98,0.37595229886327,
2482,0.98,0.36652778690225,
2483,0.985,0.36737215322002,
2484,0.985,0.36798769605127,
2485,0.985,0.36826148235133,
2486,0.985,0.36815185742926,
2487,0.985,0.36769705807648,
2488,0.98,0.36702762192424,
2489,0.98,0.36626736619002,
2490,0.98,0.37569283110202,
2491,0.98,0.37512613089289,
2492,0.98,0.37490924377581,
2493,0.98,0.37503115393448,
2494,0.98,0.37541566693529,
2495,0.98,0.37589834247304,
2496,0.985,0.37636474675062,
2497,0.985,0.37672023831836,
2498,0.985,0.37689538555791,
2499,0.985,0.37686427211435,
2500,0.985,0.37662854724577,
2501,0.95,0.2955019904663,
2502,0.935,0.30289889373554,
2503,0.925,0.22764298964021,
2504,0.935,0.22605528402755,
2505,0.95,0.23402050725421,
2506,0.965,0.2399273530173,
2507,0.96,0.23909954327108,
2508,0.945,0.28322313796485,
2509,0.94,0.29151004495289,
2510,0.94,0.30062478745337,
2511,0.94,0.27541604069157,
2512,0.94,0.26720761912788,
2513,0.965,0.2665437718845,
2514,0.97,0.24792678326561,
2515,0.97,0.23842532999966,
2516,0.965,0.21468630553145,
2517,0.96,0.2313772159646,
2518,0.96,0.27191637855604,
2519,0.975,0.29179391992877,
2520,0.985,0.27861111221326,
2521,0.97,0.30437435953982,
2522,0.965,0.32877320495693,
2523,0.96,0.33070534798812,
2524,0.96,0.3424488698803,
2525,0.96,0.36708593754805,
2526,0.97,0.36340226126784,
2527,0.98,0.36240103080373,
2528,0.985,0.40174182981698,
2529,0.98,0.41955734160931,
2530,0.975,0.43078437305938,
2531,0.975,0.43471300361055,
2532,0.975,0.43149651058813,
2533,0.985,0.42326849053902,
2534,0.98,0.41311815558131,
2535,0.98,0.41553044665238,
2536,0.975,0.42650952877964,
2537,0.97,0.42159980919555,
2538,0.97,0.39056972934865,
2539,0.975,0.38328255617562,
2540,0.98,0.36865753937734,
2541,0.98,0.37370280939954,
2542,0.98,0.36754410262716,
2543,0.99,0.37116546767527,
2544,0.99,0.37312340825568,
2545,0.99,0.37287483864664,
2546,0.99,0.37054160490059,
2547,0.99,0.36683580997384,
2548,0.98,0.36275564850244,
2549,0.98,0.35903818608279,
2550,0.98,0.35638330102353,
2551,0.98,0.35519283887514,
2552,0.98,0.35549762328614,
2553,0.98,0.35710362159429,
2554,0.98,0.35963706232768,
2555,0.98,0.36252424980068,
2556,0.985,0.36518997655075,
2557,0.99,0.36705104501909,
2558,0.99,0.36770574268415,
2559,0.99,0.36703024438517,
2560,0.99,0.36520615576505,
2561,0.99,0.36264906149075,
2562,0.98,0.3599173959701,
2563,0.98,0.35750444354411,
2564,0.98,0.35579944244319,
2565,0.98,0.35499804046702,
2566,0.98,0.35513416043281,
2567,0.98,0.36611106396854,
2568,0.98,0.36788092922644,
2569,0.98,0.36992012967452,
2570,0.98,0.37188161006073,
2571,0.99,0.37341066602328,
2572,0.99,0.37429036004398,
2573,0.99,0.37445357648791,
2574,0.99,0.37399840340611,
2575,0.98,0.37312761430812,
2576,0.98,0.37208387639454,
2577,0.98,0.37111336489388,
2578,0.98,0.37041844965817,
2579,0.98,0.3701027332129,
2580,0.98,0.37018858151468,
2581,0.98,0.37063131658083,
2582,0.98,0.37127309762935,
2583,0.985,0.37194007167213,
2584,0.99,0.37251823797265,
2585,0.99,0.37288103649573,
2586,0.99,0.37298276637788,
2587,0.99,0.37282993168547,
2588,0.99,0.37247966012718,
2589,0.98,0.37200311332966,
2590,0.98,0.37149681532552,
2591,0.98,0.3710395946568,
2592,0.98,0.37072693079244,
2593,0.98,0.37061720974295,
2594,0.98,0.37071263434021,
2595,0.98,0.37098544807822,
2596,0.98,0.37134944287636,
2597,0.985,0.37170774484082,
2598,0.985,0.3719724560546,
2599,0.99,0.37207091633567,
2600,0.99,0.37201883032587,
2601,0.95,0.31083323385998,
2602,0.935,0.30864147831819,
2603,0.93,0.26360463054968,
2604,0.94,0.23637618222506,
2605,0.95,0.25809007367638,
2606,0.985,0.27341450844654,
2607,0.96,0.26085920675852,
2608,0.945,0.27188512549911,
2609,0.94,0.28339588707148,
2610,0.935,0.28724077782265,
2611,0.935,0.28065989071583,
2612,0.945,0.27178921407994,
2613,0.965,0.27193797517974,
2614,0.98,0.27849531603225,
2615,0.985,0.26900441311211,
2616,0.965,0.2715598215458,
2617,0.955,0.27073222389283,
2618,0.96,0.28640266046013,
2619,0.975,0.29594409409511,
2620,0.985,0.3673642494449,
2621,0.975,0.3514945797053,
2622,0.965,0.36770950565685,
2623,0.965,0.35701508163891,
2624,0.965,0.39259834225891,
2625,0.965,0.40089241408111,
2626,0.97,0.40895920859515,
2627,0.975,0.38620810601614,
2628,0.99,0.40614790913681,
2629,0.98,0.42419947666168,
2630,0.98,0.43619125309909,
2631,0.98,0.43978914644897,
2632,0.985,0.43501122669549,
2633,0.99,0.42421180328229,
2634,0.995,0.43468953788611,
2635,0.98,0.4645972198324,
2636,0.975,0.45012529252437,
2637,0.975,0.44230467910915,
2638,0.975,0.44152169489647,
2639,0.98,0.44721949178651,
2640,0.985,0.41541349580244,
2641,0.985,0.38479539533536,
2642,0.995,0.37286437145816,
2643,0.995,0.37917215178142,
2644,0.99,0.36934617937834,
2645,0.99,0.36962577901389,
2646,0.995,0.36723345332225,
2647,0.995,0.36304118108445,
2648,0.995,0.35819091762917,
2649,0.985,0.35343462419041,
2650,0.985,0.34994332372979,
2651,0.985,0.34809990308624,
2652,0.985,0.35732063781529,
2653,0.985,0.34931876865732,
2654,0.985,0.3518722504556,
2655,0.985,0.35512649986679,
2656,0.995,0.35840150280878,
2657,0.995,0.36100395356245,
2658,0.995,0.36242393032637,
2659,0.995,0.36243508116373,
2660,0.995,0.36116237314774,
2661,0.995,0.37043562104312,
2662,0.99,0.36752830820188,
2663,0.985,0.36486140087344,
2664,0.985,0.3629277355423,
2665,0.985,0.361974157057,
2666,0.985,0.36207070853784,
2667,0.985,0.3631060621098,
2668,0.985,0.36481359767048,
2669,0.985,0.36683009156532,
2670,0.995,0.36874307561813,
2671,0.995,0.37018593568581,
2672,0.995,0.37092322162787,
2673,0.995,0.37087778725497,
2674,0.995,0.37014122830496,
2675,0.995,0.36895925920973,
2676,0.995,0.36762359478963,
2677,0.985,0.36641838219592,
2678,0.985,0.36555986269867,
2679,0.985,0.36518224844596,
2680,0.985,0.3653202778773,
2681,0.985,0.36591434120695,
2682,0.985,0.36681878197859,
2683,0.99,0.36780651380512,
2684,0.995,0.36864538971567,
2685,0.995,0.36917527360302,
2686,0.995,0.36931917502655,
2687,0.995,0.36909333228636,
2688,0.995,0.36859121957699,
2689,0.995,0.36796195753972,
2690,0.99,0.36733904957179,
2691,0.99,0.36684038943274,
2692,0.985,0.36651414516336,
2693,0.985,0.36640567328884,
2694,0.985,0.36648842322309,
2695,0.995,0.36671383176102,
2696,0.995,0.36700740144325,
2697,0.995,0.38697351037575,
2698,0.995,0.38713668433494,
2699,0.995,0.38715321486117,
2700,0.995,0.38703454481939,
2701,0.95,0.32437269024621,
2702,0.9,0.26914429568465,
2703,0.875,0.18094728250149,
2704,0.92,0.18602504568565,
2705,0.955,0.20926802645679,
2706,0.975,0.261145099015,
2707,0.965,0.25753387360558,
2708,0.935,0.27904123062795,
2709,0.92,0.27998925645339,
2710,0.92,0.31097434582335,
2711,0.93,0.27936681957949,
2712,0.94,0.2756449078228,
2713,0.96,0.27078878861772,
2714,0.985,0.26789045017451,
2715,0.975,0.24799630688014,
2716,0.955,0.2418153310025,
2717,0.95,0.276762066673,
2718,0.96,0.26587939528061,
2719,0.965,0.28570802401528,
2720,0.98,0.26905040314328,
2721,0.975,0.36572726195079,
2722,0.965,0.3731254580849,
2723,0.96,0.37233378449924,
2724,0.96,0.37311630263612,
2725,0.96,0.38479453969253,
2726,0.965,0.41176015497411,
2727,0.98,0.44493592055637,
2728,0.985,0.46060992013336,
2729,0.99,0.4365211796031,
2730,0.98,0.45481322832173,
2731,0.975,0.46042646962843,
2732,0.98,0.45272874777034,
2733,0.98,0.52000988388825,
2734,0.995,0.48876987767692,
2735,0.985,0.46008583110616,
2736,0.97,0.43854022345923,
2737,0.965,0.42667091494743,
2738,0.965,0.42437885622,
2739,0.97,0.43083454340754,
2740,0.98,0.44480493786279,
2741,0.985,0.45061051428263,
2742,0.99,0.37092881311889,
2743,0.99,0.380660735168,
2744,0.99,0.37324525928595,
2745,0.99,0.37436931966368,
2746,0.99,0.37114791408309,
2747,0.99,0.36481397528319,
2748,0.995,0.35733938295121,
2749,0.985,0.35048751209122,
2750,0.98,0.34543733849267,
2751,0.98,0.36207825010543,
2752,0.98,0.36131852538846,
2753,0.98,0.3635020301467,
2754,0.985,0.34709273389103,
2755,0.985,0.35164903072214,
2756,0.985,0.3565101196601,
2757,0.995,0.3607601505184,
2758,0.99,0.36347431138387,
2759,0.99,0.3642272895914,
2760,0.99,0.36301989113838,
2761,0.995,0.37167906661939,
2762,0.99,0.36772145802442,
2763,0.985,0.36381712198444,
2764,0.985,0.4141655341327,
2765,0.985,0.41120495618145,
2766,0.985,0.41034090391441,
2767,0.985,0.43101787052925,
2768,0.985,0.43404932721656,
2769,0.985,0.43808798056082,
2770,0.995,0.44233887582541,
2771,0.995,0.44597226359142,
2772,0.995,0.42422435450928,
2773,0.995,0.42490174308171,
2774,0.995,0.4242732202655,
2775,0.995,0.42265738432441,
2776,0.99,0.46464614294497,
2777,0.99,0.46182926038872,
2778,0.985,0.45950288493069,
2779,0.985,0.45812992731813,
2780,0.985,0.45789601900885,
2781,0.985,0.4587497091032,
2782,0.985,0.46043689704839,
2783,0.99,0.46254890755632,
2784,0.995,0.46458804295884,
2785,0.995,0.44288422732593,
2786,0.995,0.44366787142642,
2787,0.995,0.4229147269559,
2788,0.995,0.42232520300883,
2789,0.995,0.42127048484497,
2790,0.995,0.44301095414951,
2791,0.99,0.44167635275946,
2792,0.985,0.46131638325664,
2793,0.985,0.46071737224481,
2794,0.985,0.46064688111683,
2795,0.99,0.46106345409202,
2796,0.995,0.46183515544344,
2797,0.995,0.46278772558164,
2798,0.995,0.46369406264976,
2799,0.995,0.46436137399017,
2800,0.995,0.46467036756698,
2801,0.955,0.40636931899136,
2802,0.935,0.32204114317663,
2803,0.925,0.31670546988791,
2804,0.93,0.30767088945931,
2805,0.95,0.29123508761399,
2806,0.985,0.25606312151252,
2807,0.965,0.28779511778907,
2808,0.96,0.31292861363357,
2809,0.945,0.31796209138566,
2810,0.94,0.32135056403215,
2811,0.94,0.31733069870463,
2812,0.95,0.32643956653955,
2813,0.965,0.34726596076162,
2814,0.975,0.37837205010668,
2815,0.975,0.40428358739528,
2816,0.97,0.36402629652326,
2817,0.965,0.41438021396372,
2818,0.96,0.39933359861263,
2819,0.975,0.37568953627857,
2820,0.98,0.35960867870203,
2821,0.98,0.39676326926525,
2822,0.97,0.37733804728338,
2823,0.97,0.36107301822752,
2824,0.97,0.37686057915707,
2825,0.97,0.39043860537061,
2826,0.97,0.40947132686537,
2827,0.98,0.44408122332891,
2828,0.99,0.46425809941683,
2829,0.99,0.490321043865,
2830,0.99,0.50884659378791,
2831,0.99,0.51550456944445,
2832,0.99,0.50961741099466,
2833,0.99,0.49399355602738,
2834,0.995,0.48923129916761,
2835,0.99,0.46661476690182,
2836,0.98,0.44869872205709,
2837,0.975,0.43770539901847,
2838,0.97,0.43418490925296,
2839,0.975,0.43775164632268,
2840,0.98,0.43506803344607,
2841,0.985,0.4471260379137,
2842,0.99,0.46098389090896,
2843,0.995,0.42608375388019,
2844,0.99,0.37495099666738,
2845,0.99,0.37685113018059,
2846,0.99,0.37529957375824,
2847,0.995,0.37107392831991,
2848,0.995,0.36551686868478,
2849,0.985,0.39259024345284,
2850,0.985,0.42825195457887,
2851,0.985,0.42357526865268,
2852,0.985,0.42219061849459,
2853,0.985,0.42399278662485,
2854,0.985,0.42842972663568,
2855,0.985,0.45426400860981,
2856,0.99,0.40375093708952,
2857,0.995,0.40790915657301,
2858,0.995,0.41075649288136,
2859,0.995,0.41178904015055,
2860,0.995,0.41093499379855,
2861,0.995,0.46839772247774,
2862,0.99,0.46376726234522,
2863,0.99,0.4589365065134,
2864,0.985,0.4548321849191,
2865,0.985,0.45212356041138,
2866,0.985,0.45110911091061,
2867,0.985,0.45178945915502,
2868,0.985,0.45388000302994,
2869,0.995,0.45686697879101,
2870,0.995,0.46012221856135,
2871,0.995,0.46305528329163,
2872,0.995,0.4651556014186,
2873,0.995,0.46612436589379,
2874,0.995,0.46592437113913,
2875,0.995,0.46477560320623,
2876,0.99,0.46303364238874,
2877,0.99,0.46112504074355,
2878,0.99,0.45945239039276,
2879,0.99,0.45837104791459,
2880,0.99,0.4580264524757,
2881,0.99,0.4583809517356,
2882,0.995,0.45930750156732,
2883,0.995,0.46058293039091,
2884,0.995,0.46192954402038,
2885,0.995,0.46308063526137,
2886,0.995,0.46381945578126,
2887,0.995,0.46401569904163,
2888,0.995,0.46369946582241,
2889,0.995,0.46298096787451,
2890,0.995,0.46204586931015,
2891,0.99,0.46110071269597,
2892,0.99,0.46038507181828,
2893,0.99,0.4600063119917,
2894,0.99,0.45999370952896,
2895,0.995,0.46027812983264,
2896,0.995,0.46074635518362,
2897,0.995,0.46128684242862,
2898,0.995,0.46176511485679,
2899,0.995,0.46209452525973,
2900,0.995,0.46223360158578,
2901,0.955,0.41418602841048,
2902,0.935,0.42922835435755,
2903,0.915,0.29756204281661,
2904,0.93,0.28667998620773,
2905,0.96,0.27580491810678,
2906,0.99,0.2956641931992,
2907,0.97,0.31542015986285,
2908,0.97,0.31996247672719,
2909,0.95,0.31157476863212,
2910,0.95,0.31118336022981,
2911,0.95,0.32300038248923,
2912,0.95,0.33300296645718,
2913,0.98,0.32475338993163,
2914,0.98,0.29353137052476,
2915,0.975,0.29803093608582,
2916,0.975,0.30729595335688,
2917,0.97,0.30699265064337,
2918,0.975,0.29622706705743,
2919,0.985,0.39013543541936,
2920,0.995,0.37551840538902,
2921,0.99,0.36786643624748,
2922,0.975,0.36664837218733,
2923,0.975,0.34821549975717,
2924,0.975,0.34196605404162,
2925,0.975,0.34615279254625,
2926,0.975,0.35983373184725,
2927,0.99,0.40492231329878,
2928,0.995,0.4545345804847,
2929,0.995,0.47873360514249,
2930,0.995,0.49647711170391,
2931,0.995,0.50435890055044,
2932,0.995,0.50147107405837,
2933,0.995,0.50807892045624,
2934,1,0.48927152854902,
2935,0.99,0.46997876529377,
2936,0.985,0.45409516677693,
2937,0.985,0.44366427110969,
2938,0.98,0.43975679256553,
2939,0.985,0.44224027883352,
2940,0.99,0.45029953719234,
2941,0.99,0.46235556257044,
2942,0.995,0.46058099410864,
2943,1,0.44918184517524,
2944,1,0.39775396535514,
2945,0.995,0.39988247477245,
2946,1,0.39841608851653,
2947,1,0.39400929192493,
2948,1,0.38800298655314,
2949,0.995,0.41488208678094,
2950,0.99,0.42993410207535,
2951,0.99,0.42545413292897,
2952,0.99,0.44427602267172,
2953,0.99,0.44523583845596,
2954,0.99,0.44876748951909,
2955,0.99,0.45392748433303,
2956,0.99,0.42535773539833,
2957,1,0.42971502098233,
2958,1,0.43278181531589,
2959,1,0.43404496918926,
2960,1,0.46903306728313,
2961,1,0.46629442895443,
2962,1,0.46238094490747,
2963,0.995,0.45816022126861,
2964,0.995,0.45439315505138,
2965,0.995,0.45177678467699,
2966,0.995,0.45070165510382,
2967,0.995,0.45121235479666,
2968,0.995,0.45306352159682,
2969,0.995,0.45581225193391,
2970,1,0.45882686657708,
2971,1,0.46150171389518,
2972,1,0.46344173556185,
2973,1,0.46435886682237,
2974,1,0.46420388609784,
2975,1,0.46311856920485,
2976,1,0.46144966132926,
2977,1,0.4596141026278,
2978,0.995,0.45797854558907,
2979,0.995,0.45688903060191,
2980,0.995,0.45648772758918,
2981,0.995,0.45683695787101,
2982,0.995,0.45780667935036,
2983,1,0.45912408948185,
2984,1,0.46054475771309,
2985,1,0.46178617571521,
2986,1,0.46262185450089,
2987,1,0.46294085639119,
2988,1,0.46273750865521,
2989,1,0.46211189818137,
2990,1,0.46123356046812,
2991,1,0.4602734615701,
2992,1,0.45950260247912,
2993,0.995,0.45904304462449,
2994,0.995,0.45894989746645,
2995,1,0.45919363561775,
2996,1,0.45966597001258,
2997,1,0.46024955635618,
2998,1,0.460839562117,
2999,1,0.46130799274158,
3000,1,0.46156311280671,
